Total Order Value,Category,is_premium,UID
5468.22,A,True,7229f66d-fe30-41d0-b02d-58a122bfca68
3969.0099999999998,A,True,05e3cacf-ce64-488f-9f42-f8c1c0a78fd5
3426.97,A,True,c3163282-1a3d-4e0b-bb88-5db5ecc3e721
3310.85,A,True,be887d62-6ff8-4698-bfcc-02df525dc269
3222.34,A,True,40cb98cb-d2bc-4bee-92ee-ab74bf983034
2951.63,A,True,67fb3754-3796-4bdf-99c1-4e15d7d56a8c
2219.36,A,True,bd62c2f0-929b-48d6-891a-e9c210c68b10
1981.6,A,True,56a73b47-3dba-4f37-b0e4-5a9354d479ac
1970.21,A,True,44b5270b-43f4-45a8-b578-efa0f3f3ef5d
1891.6200000000001,A,True,25643434-1808-4a7c-9a7c-c69eaef19930
1798.14,A,True,f442a026-1748-48d7-b5a4-332839dd1fd2
1633.5,A,True,1b2bdedc-44f3-4f2e-a29e-2add23bcb201
1580.76,A,True,4281df96-78eb-4bf6-a811-924fa87bc848
1462.0,A,True,23e3a4dc-2709-4818-969e-2ebcf21f110b
1312.84,A,True,184638ca-b953-44d2-a0d1-b666984aeec6
1295.8799999999999,A,True,eec306f9-f708-473e-9eb7-4dc1e02d4c5e
1282.22,A,True,6e7bf05b-63b5-459e-818f-8bb31e76eb15
1236.59,A,True,9d1f05a6-3cf1-4ae7-aadc-2406b827c09f
1177.05,A,True,cfc1a980-115f-4c22-9e47-94075b1de457
1035.0,A,True,35c5fe08-4a35-4355-95ec-be7406b2f358
1031.87,A,True,d7e5182f-9cb2-49b5-a124-70402e707e5e
1022.9,A,True,bcc02bb6-40c0-4444-a8b9-40ce2df720f0
995.9,A,True,3ab16958-09f7-43bd-96bf-2a60d8f1782a
949.6899999999999,A,True,368a9042-30ba-4ba2-a544-5a4d1e878f07
927.39,A,True,dd988a22-7d3d-4372-bb6f-af67e4ffc33f
892.71,A,True,72941bf6-a79c-4e29-9df0-ed89ffa638ed
853.9,A,True,7b5b14a9-8e33-41ad-ade2-ebafcc0f4420
819.49,A,True,b9b4478e-0717-4149-9971-be545c21ae49
790.47,A,True,b7bb0e0b-c997-4af5-9555-2c29cee5d9a9
780.26,A,True,69385bbc-8a84-4825-9d64-9a456099468d
762.87,A,True,97618ed5-dcd9-4ea2-8fdc-2d6f1dcc1de9
740.43,A,True,a575aea7-1438-47a5-93fe-17d735dc21f9
703.04,A,True,205ce797-b813-40ad-b5b9-9ae3ee6ad110
700.0,A,True,fcd63f50-176c-46bd-aaac-ca8fb421b5f4
689.0899999999999,A,True,b226bf32-b570-49d2-a7cd-e4f1c1b28150
648.85,A,True,334760b9-ab0d-48ca-9f5e-f2bd6fd238d0
636.2,A,True,b3f7f153-09f7-4bfa-a361-083bb3bf1de6
629.85,A,True,fc9936de-9012-4fdf-810c-ee98e8934b89
595.04,A,True,d41adfd0-baae-45d9-8eb3-e4f324e7dc96
592.17,A,True,1ef1e57d-59e1-4514-b1e4-b4f3fda88c75
575.4100000000001,A,True,04c23195-3d16-449b-a182-d033ead21a9d
558.22,A,True,08618adc-7e02-4c5b-bb0b-25d4fd0f0621
552.5600000000001,A,True,948cbe0d-dd2c-40a9-8f2e-d9a855392e51
550.35,A,True,08039536-4a4a-4a24-b5e5-184fc1484bbd
547.8299999999999,A,True,6a205ff7-f987-46d2-b35a-fce56ec4f403
546.09,A,True,136bf0b6-326e-4dc8-8539-773ec2254bc9
541.32,A,True,54a36b64-716b-45df-819d-7ce8c50426dd
540.08,A,True,df102b98-6004-4ee7-8c81-8c2ceef42cf3
531.79,A,True,47b8bc61-13c1-4d21-9933-ee6502e8f725
527.28,A,True,0771af1f-bd8b-424c-914f-128df0ff239f
527.28,A,True,9c949894-2a3f-4f0b-a259-262cfc508e7a
526.08,A,True,89b017a1-d7c9-44ed-b82d-d4d10d4a236b
523.94,A,True,cb4c722d-d774-4f40-b523-dc6faa59aee0
517.19,A,True,fd49952c-7961-41fd-ab48-712c09591fc3
516.22,A,True,7af46a8b-9bc8-4477-8227-8ba8470c3822
512.8199999999999,A,True,34a47d1e-38e9-4574-a5aa-616e25ca0421
509.31,A,True,513461b3-5aa8-4884-a367-6a68d0d39e61
507.49,A,True,9597519f-5ca3-467c-9a2e-f8888be4c219
500.0,A,True,303fccc2-545d-4300-95c7-71411ffd2c6a
497.45,A,True,7f1025d6-8da3-42f5-a358-8285f8a124db
496.39,A,True,bef30a1c-7677-45aa-b297-7a791403707a
494.75,A,True,5f3f6af0-a25f-4004-9e8c-7ad14c23d3e2
485.25,A,True,a713589d-e0f3-42b2-b8ee-71e8eb2e47c5
483.9,A,True,d89ec1db-8e17-4e12-9c8d-26263bf09dc9
482.56,A,True,28f916c8-3a79-4398-abec-79c4600f5293
481.31,A,True,67b2ae4c-48e1-4d12-847a-862fe3065f35
472.34000000000003,A,True,6a7b7362-8f36-42d2-a497-519c91d6e93c
459.0,A,True,fbc76dde-b89d-4e61-80f2-118e75b058ee
458.9,A,True,3a7efeb3-a75d-47f1-845e-b547cc7fcc35
453.17999999999995,A,True,2c0ebf5b-883b-4a77-91b3-278b0becbbd9
441.04,A,True,53801bf4-a5e4-478f-858d-fc1967d787a0
432.94,A,True,4a5bd64d-bb67-4ea2-a579-bb065123cad7
413.90000000000003,A,True,0d893f10-489e-4154-9928-129dde19b2f8
409.49,A,True,9419e172-7d21-4e1c-b916-96a1fadbf0f0
401.65999999999997,A,True,d29162e4-1231-4d72-bf88-948b9d1ed92b
399.2,A,True,ed991562-2daf-43b0-99b1-42d2f3b25c57
396.12,A,True,11398b24-ed20-411e-ad86-51b25dcc2404
393.74,A,True,06ed93a8-e157-4fd8-b022-0690e41a2a46
389.09,A,True,6bc3e072-108e-461d-a230-9bbb9f62c9c7
373.75,A,True,ce59ecad-202c-4b26-a0c7-c2c8a2b4160b
371.40999999999997,A,True,80c3e29a-a2fd-4e2e-abdb-8d2acc4e4d72
369.78999999999996,A,True,52659226-af32-49f8-b1fe-d38c52bf6faf
366.0,A,True,558adba0-8065-48f3-a81d-ecb89ea32b60
359.0,A,True,07826fbb-b9a8-4167-80cd-c1e8022be1c4
349.68,A,True,eb33aa92-b5c1-4000-b682-950be5b758ed
320.29,A,True,43f2c53d-78b9-41ef-b70b-b16e5b55a6e5
319.68,A,True,c6d3390b-f977-4480-a5a9-3054ad938a47
313.0,A,True,b62d44cf-fe22-42dc-925c-f1c02a0d2e5e
311.31,A,True,47e45ea2-8237-48ee-b998-2b53f495478c
305.53,A,True,7d3ba3e6-f42d-4cf9-afa1-75422bb13173
304.86,A,True,4a94686b-c697-41f1-860a-ab925ae0568b
303.47,A,True,6d680212-77fc-44b4-a9ad-2509c1352218
300.77,A,True,37b89a71-5a49-46f9-965a-8c2a8dd4952c
299.0,A,True,e7f4d08a-3664-4b82-a093-6aa7a90f0ab9
298.74,A,True,febde91e-d7fb-47c9-b172-5c213a4a7049
298.52,A,True,0625c700-a0d4-4304-a8b7-957816c7bfbe
296.05,A,True,8331da9d-93fd-4889-8b3c-e754603c9c91
290.13,A,True,3770edee-3f3e-46ce-81d1-045c95cbbb1a
288.05,A,True,22e85045-09c6-47b5-899e-76c8cbc2d9c8
282.4,A,True,c49d1f21-104e-4408-804e-7fb6f697ea2f
280.39,A,True,a211b1fd-b808-484e-a932-988b58172db4
278.26,A,True,71393504-85f8-4948-b77a-81231b5413d9
275.22,A,True,dd59455b-4e32-4488-bfae-31a885c7b546
263.9,A,True,6b6e5284-2a39-4d90-aaa6-757a093f5a84
263.65000000000003,A,True,17f6f34e-395f-4268-8aff-8af22ea73627
262.67,A,True,fb618b4e-6180-4f4f-98c6-90047749f052
262.17,A,True,e594e3d5-d1a5-41fe-b123-2ad41dc85e6b
259.33000000000004,A,True,0a903ccc-508b-4c87-a625-d65dc3351cee
258.45,A,True,50ff03ed-1d6b-4b8f-9d6e-f53cec7c83aa
256.28999999999996,A,True,a0948641-2bdb-4995-bdb0-665f014b14db
255.82,A,True,a5983479-61c1-45a0-9e6b-59d72c413d87
255.23,A,True,c8a4b575-95a0-4f4a-be82-0076832792a4
251.03,A,True,5d58057e-88d1-4ca5-b2f7-869d5884730e
250.79999999999998,A,True,9993b6db-225f-44d6-b7b1-ee31f774d1e5
249.18,A,True,85fd9095-73c9-4011-b7ff-93e27ff5ee1a
247.77,A,True,7d19c9ce-9850-4354-a3bc-d5a7e2c759c3
239.18,A,True,65db96d8-4522-4f74-81c4-2a08be999e9f
239.04,A,True,803543fe-eb86-415e-9386-87796b07f307
236.03,A,True,541d7f37-b324-44bf-a690-57548a3c8d71
233.28,A,True,b983ec56-7b97-49ac-95db-a6a7925f557f
232.19,A,True,91d5cb50-cb1b-40e2-8378-7bc286a1c64a
231.37,A,True,d34a3eb0-b788-4a71-9ac5-4b0d17defb43
228.8,A,True,763404e7-e057-43c7-8975-4f6325016ab7
228.27,A,True,41c39081-7cd1-4c22-9cc9-f3b105f5082d
222.16,A,True,a195e8cd-eef7-46a2-97f9-de94cb6e61ce
220.39,A,True,158ec7a1-bae7-4aa7-8b62-5bf42471997e
219.98,A,True,c2127c2b-6e73-4c0b-a565-0dfbb2ea60fc
219.84,A,True,63c63f3b-ddb9-45d6-9176-ba621ed1757e
219.74,A,True,babefa7f-0d2d-4d5b-9e93-b05023299074
219.63,A,True,a588428d-f2b5-419d-9770-1c8ecefd7e58
218.79,A,True,aeecfe73-9dc0-451d-bbd9-973e6ba4d33f
216.92,A,True,32754260-9d49-4433-87e2-5e94eb68527d
216.12,A,True,b821cee9-013b-49cb-b622-0a98169eb857
215.57999999999998,A,True,0a210798-3d83-4c81-ad7f-a7e273ae0f92
215.11,A,True,de3bbcf5-e0b8-4534-8791-f2bdd827438a
214.93,A,True,eb08d465-2fa1-4a11-b526-367c8b5784f7
212.44,A,True,06034ff3-ba22-4b1c-9f09-6253c35e7658
211.34,A,True,a1a8d495-d987-476f-9b87-aaa441198f52
210.45999999999998,A,True,18d61bc2-cef5-4b19-86fc-e5e59b78abb6
208.66,A,True,af68084f-bcaf-4b17-9864-2b5309c47c96
207.82999999999998,A,True,4e59879e-94f9-4ea0-97b3-679655ff2012
207.1,A,True,254d77cc-8d60-4522-a8a7-fec69c854aa1
206.11,A,True,e5353ef7-6e6c-40f5-839a-cfdb6fb6011e
206.0,A,True,3be0ccf1-d322-4f0d-9c5a-30d6b70ab0f8
205.71,A,True,360af640-8ea0-409a-9320-d50ee55de38e
203.91,A,True,68f08694-46b8-4397-9935-a1dd4bc7473b
203.8,A,True,83e3d0c7-e296-42fe-a777-a6c697f02b0e
200.9,A,True,b4f47053-4446-4215-9d31-dbdc9ce88a7e
200.67,A,True,266171a1-05e7-4696-a76a-e2292d500cea
200.32,A,True,326130b9-200f-4147-9c92-7797f6b35423
196.54000000000002,A,True,c09a09f4-30c5-4736-ad4d-61b26c910fd3
195.6,A,True,5e1c0ab8-06ee-44b2-9412-a97617afeedd
195.18,A,True,e65205be-884c-4ed6-96e2-dbd0160acffe
194.97,A,True,8e00078a-7ffa-4f14-afde-37823dcd9d51
192.0,A,True,a9604ad5-8d7c-4149-903d-d0bfb4ae6ac8
191.96,A,True,9e63849c-207a-4563-8caf-646168805c14
191.13,A,True,54c4dba2-b837-4be2-a853-8e3bc39171c7
189.3,A,True,a4334820-cdce-4b84-beb5-acaf0cf93770
188.16,A,True,d27dbfe3-69e1-4b21-b248-b4efa74d2812
188.07999999999998,A,True,d1036feb-9268-4017-9f5a-aa72a79720d0
187.86,A,True,c32917f3-cfce-4b18-97f0-3af61c0f95c4
187.75,A,True,316ac797-65ec-41b2-84e0-cea03a9e317a
186.96,A,True,6e6e21bb-3adb-4ff8-8c52-85245deaba79
186.01,A,True,9645619f-38f2-44af-bc8d-02f1718d30db
185.65,A,True,a583663f-cb71-44d0-954c-f33cd144a2fd
184.0,A,True,f87a2e42-88a1-4ce3-a829-a796b45da482
183.9,A,True,5f224215-6cfd-4bec-807a-e520f4f5c8e6
182.73,A,True,c0461efd-07cb-4aab-a00d-45d3e1d923cc
181.93,A,True,319b7f67-a402-4b13-b99f-079916fc965a
179.18,A,True,52a53a72-1270-4762-b7d0-38a8f299a298
179.1,A,True,727b78d2-cb45-41f6-95f5-6fd6da0634de
179.07,A,True,67259004-cfe0-4234-aed8-85894351e0ca
178.93,A,True,87cf8879-041d-45c3-aad4-30daeb0c3c1b
178.67000000000002,A,True,3a661b4a-ef29-4a86-a8d7-e5c865905013
178.0,A,True,25bc8fd5-305d-4cf2-b877-b967cf00d623
177.9,A,True,df15d349-8cc3-46c2-9ad2-b635233c92df
176.06,A,True,c530341d-e283-44f2-95d3-45e631ebbb3d
173.9,A,True,17a8944f-3b86-4a9e-8e00-3ebf76e478af
173.52,A,True,0b78d01c-3d42-4ad2-9f0a-9fff5e360789
173.48,A,True,6f28e3dd-a5f5-436c-a126-434d7434c802
173.25,A,True,a1041a81-9077-4940-aee8-3579c92344f9
172.69,A,True,6a59a7a3-4749-4151-8614-099af8311ace
172.25,A,True,19ec7321-06e2-4691-a0a8-122062f3e3a2
172.17,A,True,e8603972-4f86-4fcd-b693-b847f1936777
171.99,A,True,77b95c3f-7f72-4fba-ae93-5f5667cd6176
171.27,A,True,a3717324-15d4-4597-8491-4d8ff2f6fd4c
169.35,A,True,4b2d4203-0255-4463-bfcc-f0b8a0ee920c
168.5,A,True,a3125643-7bde-4af0-80bc-5c8facd96143
168.29,A,True,349fbe0b-32ed-4e13-b75a-91d217a0fac0
168.15,A,True,67778573-9480-4eb6-afc6-b81cbebcf66c
162.09,A,True,88547c46-6eba-4a8e-8508-d29f708cc099
161.9,A,True,1dde25e1-1b65-4a1b-898e-1fb51c90a7f3
161.82999999999998,A,True,bfc2c983-e964-499e-b5de-da5eb5172944
161.5,A,True,b85135fc-569b-48c7-a728-46c294bd78cb
161.26,A,True,0eaf2c93-b60f-4788-9708-3b08927b7b34
161.06,A,True,c83ca2ec-94dd-4e20-a246-a03e69a7beea
159.48,A,True,afb02506-6945-4dc4-a963-c45997914c8b
158.9,A,True,4d66821b-aca5-4949-98c3-34e12824eea7
157.87,A,True,c00015b0-671a-4a82-b8cd-c65d725fed22
157.38,A,True,9714be09-ef48-4860-8244-4ac24f069242
157.14,A,True,cb183113-fb30-440d-82a2-ff943f1949f9
156.68,A,True,83273c02-2c11-4a41-b7a6-9a066064e10d
156.01999999999998,A,True,98ec58a2-f9a4-4fb9-9f17-bc6501d446e0
155.2,A,True,c6e1444e-b99e-4e14-92db-d29561a307ed
153.51,A,True,7c44f57f-fcff-4ad7-8ad9-dcc67bdd095f
152.99,A,True,5cd4dc0b-d0b7-4cd9-baf3-6dbea199f6e6
151.13,A,True,5f136ab6-450c-499f-a6dc-33f2b0e2688b
151.08,A,True,39726b65-58c0-4d6a-9e25-567ac9431d12
150.42,A,True,b32da478-f62d-4b64-abda-e4f1a4966ed0
149.26,A,True,ea67587c-b204-4ef5-a795-f39d62b1cc33
149.1,A,True,dcadb545-3467-482a-939a-a1a7a08b5d64
148.59,A,True,588308b2-b394-4f36-bc01-68001e2f93ff
148.47,A,True,fa5af524-2a78-4617-b5db-5e45ae3424e8
148.32,A,True,369c8269-dec7-4275-b132-aad102187e4a
148.07999999999998,A,True,419b3083-ed68-44da-bd75-19dbb718006c
147.45,A,True,d3cf72d7-1e9d-43b3-a9f1-3aea67c54068
147.31,A,True,86e5b756-966e-45e5-bdd7-36dedccc6bf2
146.33,A,True,56b43db6-c0c6-42f1-98f6-fabd6501a77d
145.53,A,True,94909477-1aa0-4707-aad0-525acb9997ea
145.34,A,True,6dcb993d-8395-47d6-beff-711c3755ad58
145.0,A,True,46234d2d-edb3-4daa-ac53-7d6dd57784e5
144.67000000000002,A,True,477787fe-ee46-46a4-9082-5bad0a9ab383
144.54,A,True,29358e92-137a-46b9-9c28-0a4fe35a5ee2
142.18,A,True,d5d81ef0-9297-4ca6-957a-baebc06dd0ec
141.04,A,True,dc90ee69-0815-4045-9d88-d1260137fdad
140.0,A,True,46cbc79e-194f-46b4-82cc-fa3f1b4ad32c
140.0,A,True,cd1e7619-5ef6-4433-ac78-06719760b478
139.67,A,True,4177d9b0-f041-4fa1-88c6-545e4238d25d
136.77,A,True,1509ed6f-252d-4ed3-95b0-b58761c01c49
136.36,A,True,aa15e2d6-a3e8-44b1-9fd8-2828dd9dbf30
135.91,A,True,15c72da5-d934-4a5e-8960-6ca434258738
135.26999999999998,A,True,8fa2265d-40ff-4a6f-89f3-4b941aab3add
134.68,A,True,4cdb0fb6-cdf8-4b8e-9bc4-4e2273e0ded1
134.56,A,True,3c6110e7-ffd8-4705-b206-0b578cf23502
134.51,A,True,e04a6f0f-d029-48e7-83ae-dce9c856973e
133.47,A,True,2f4c09a1-c8ec-48c2-8feb-b198f2e829f4
133.44,A,True,2692b06c-5918-42f7-85c5-5e50cabd7961
133.2,A,True,1d48c355-a8b5-4dc1-9b13-5ec284a6fe2c
132.64,A,True,c0eb509f-5015-4537-9daa-c75c09bd6760
132.48,A,True,a1cbcab6-17c3-45af-8fbb-c84465caff01
132.27,A,True,55d5c3f2-01b9-4a2d-b1fb-9c82ca8e9e2c
132.0,A,True,8f5a3fce-4ec7-4a4b-9e2e-47c38f714341
131.79,A,True,2deabaa5-399d-4a72-ab50-f6585c70c0af
131.69,A,True,1b263f82-8c31-41b8-8d05-0474425e1c77
130.14,A,True,0b156315-4a70-44c2-8d1c-7d258aeb159e
130.0,A,True,c0755e6e-20d5-48d3-a441-2ad98602e787
128.35000000000002,A,True,77d49cef-89f1-4d64-9eca-03b3414ebd04
128.0,A,True,eb6540f1-2eec-47a8-a45a-baa4389d5d78
123.53,A,True,356d44ed-ddf9-49b7-8df2-4f1192396b01
123.32,A,True,109ca12f-fa3f-4e71-9641-4699d43a0f33
123.14,A,True,ccd12530-c490-4ace-bbd5-e98f2e4d33a7
123.1,A,True,f8e4b5f6-31b4-448c-b9e3-41b9495b6277
122.92999999999999,A,True,b55dabe5-cb05-4d2c-9c9f-8fca52113862
122.19,A,True,b11c4a0a-9d61-446e-b19b-6488780653e5
121.4,A,True,0d6bea29-f79c-4cc4-930c-80d7db30f472
120.92,A,True,f67c1025-e761-465b-83ce-cce981f8299d
120.27,A,True,e57a783b-e292-4ab9-966e-1e4e44a3a605
119.58,A,True,a3cf341e-40a3-47fe-9c16-b44340bc4da2
118.3,A,True,c52f3399-eb41-45be-9221-47e1caf8aef5
118.00999999999999,A,True,3a641ef8-1928-4465-a479-b087c2de24aa
118.0,A,True,1c13b608-8b68-4785-a94e-f4e37ed88ecf
117.42,A,True,62f8c0c5-a6c9-4228-bb9d-b58cbc16a4af
117.24,B,True,c89e47fa-c80d-419d-aea9-5f54c8ac461e
116.85000000000001,B,True,d1521a84-57c6-4912-88a8-05b1cec1bf16
116.64,B,True,19d00b3e-0f22-4c2e-8693-ddfeaf7b90e9
115.57000000000001,B,True,c9d3c1b8-d68f-480f-8c92-a0114d82e750
115.39999999999999,B,True,825ec499-bcf5-41bc-ad8f-957e6688981c
114.24,B,True,f9ed3f51-fabe-4ab1-99be-6e342828c11a
113.03,B,True,c89861cb-916a-42e0-aad1-0fc2dba19153
113.0,B,True,4e3012b5-b02f-4a03-bc92-3c3f60687a34
112.76,B,True,55734bcb-da76-4025-876f-4395e6520725
112.18,B,True,7a3fa588-936d-4b29-9526-51d662a16743
112.06,B,True,2723609b-fb45-447f-b56b-5bd8b8beb68b
112.05,B,True,ce709e0b-54fc-4f8a-a56f-674e930c54ec
112.02,B,True,41bae2a3-4bb5-403d-955b-874d6399cb41
112.01,B,True,a326835a-a1cb-4cc8-ba86-1cbd99d273d1
111.18,B,True,8b110341-4def-4f4c-84d9-eacd979dd9e0
110.38,B,True,d6e90114-6781-49ac-a0b3-82a76734136b
110.15,B,True,af8faf37-84d6-4d0f-841c-15f175ef08b1
109.3,B,True,f4d8bcac-85d4-4042-8bfd-37c0ed45c7a8
108.33000000000001,B,True,572cc35d-a9b8-4e2d-9cbe-20eb28450a8a
107.87,B,True,f4b88ec6-fc09-459d-83c3-24bdddb2e427
107.83,B,True,33c6ec7f-fe6e-401e-afbe-3bb192c8fd9b
107.31,B,True,d72b8230-86f3-40c6-b7d5-59179080bef8
106.78,B,True,1c2ba8db-2614-4c34-b726-6e4a024ad435
106.68,B,True,b157d6b5-9e10-4540-90a6-a4e6d260c82e
106.49,B,True,4fbef9bd-ba44-4ac7-99c7-ba5c272f095a
105.35000000000001,B,True,63dad2e4-a9a7-48c8-86f9-bf758984ba2f
105.05,B,True,9972722f-0e9e-4c21-8030-73fcae8a0a89
104.98,B,True,8e03c949-c180-49a3-b997-8fd0f7915131
104.5,B,True,7781c00a-9080-4c3f-919c-0f761e7e1687
104.35,B,True,a23a99ec-bb4e-4510-832e-b936e4d43675
104.26,B,True,59cfef74-f4f9-491e-85fa-900eecda4cf0
104.25,B,True,b004438e-2a5c-4022-9ab1-147776486793
103.7,B,True,abc03219-d136-4820-b757-6fb919071818
103.67,B,True,bd1b5487-2bb6-4d06-b60a-987e1be9551f
102.85,B,True,7e0baca0-72fe-4889-8c94-40202952c4ae
102.78,B,True,fc8a0f97-d87f-4b93-88ab-19af582e4eec
102.76,B,True,f2581d5f-559c-43db-8d51-3ce5695e88b7
102.69,B,True,ef713528-f45d-4ee1-b697-73a521db1ab2
101.44,B,True,880df482-ff07-4237-887c-325b617a323f
101.34,B,True,30cab208-fcb9-4a89-a714-cb9d8c1a497f
101.0,B,True,99e414a3-b545-41f4-bff5-3f5857529ce8
100.78999999999999,B,True,8a3ef3f7-f3ba-459d-ac98-52576792903b
99.78,B,True,6518faa7-3301-4c33-b7b3-58ba405cfaa2
99.45,B,True,b3e5332d-0b1b-4dfc-abe4-e3b748cf05a6
99.41,B,True,6cc88894-6d04-47db-a0c8-dc9f75b06645
98.78,B,True,d689e495-302f-4f47-8aaa-3ff48bd102ee
98.24,B,True,08e586fa-5c51-4f06-a21b-e6288a59821a
97.97,B,True,b425eb09-a953-4160-9bee-195ee76e414d
97.92,B,True,9182156e-e25a-4aa6-aace-a4e06dacd37e
97.31,B,True,13b01843-8b0c-4f9d-83ca-e196f0c28652
97.11,B,True,2826e45f-bb29-4864-843f-16ba208d7abd
96.72,B,True,3a01c0aa-9e9c-493a-b369-1ec3bd5b165f
96.14,B,True,8d8c1681-f6e4-42ec-852a-aaf17f962498
95.86,B,True,04bee56e-faa6-4687-8b65-e4e8923b5679
95.86,B,True,521122a8-b94d-42a0-9018-81aa6a48c057
95.42,B,True,6272c16c-c73c-4949-b84a-b30998dbf6ef
94.36,B,True,c59cfda9-1c08-4f92-bbd0-b1661d1ecd1f
93.97,B,True,0b3fd508-242f-40f1-a6f2-f4f49a53b8ad
93.65,B,True,6ce36d27-b875-4ec4-bb18-3c1bac3e6d5f
93.56,B,True,b1193725-e522-4661-bb41-5138d95ac5a5
93.03,B,True,98fa93cb-c54d-45bc-b95d-0b891af5ed29
92.41,B,True,7b204663-b346-4c83-9ec4-9b36aa7231b7
92.32,B,True,6513335a-64ab-4d79-8bcc-aa36aed79c03
91.41,B,True,8667fe3d-e83b-4ce1-91be-00e7a24d42f0
91.22,B,True,3aa38502-8971-49ed-bc3a-0ca64e5b97b1
90.9,B,True,750dc3e6-fd5a-45ab-958a-3d1bc6c4c855
90.78,B,True,8b15af80-7a57-47a3-9088-7d48d2959184
90.56,B,True,7042abc7-3ca7-4ed5-89e8-b44d7ef4c23c
90.18,B,True,dd122462-a7cc-4abd-9592-b77626907c3c
90.17,B,True,9c74aab6-4efe-4d6b-95a9-8ed505a4318e
90.1,B,True,251ca3d6-440a-4a10-a1c4-c3ceb6903e2b
90.07,B,True,aa09837d-8d81-4d4a-a1ff-dd9a64d94409
90.06,B,True,462869c5-7ce1-4a68-9cd0-d26d99bee43e
89.4,B,True,39e095d6-bdff-4f93-a98b-223b165e3493
89.26,B,True,96025d15-16ad-4273-9f6f-5fc90d0a4fd0
89.21,B,True,6356d009-df82-4900-a773-49d379c545e3
88.65,B,True,cba7cb6f-e9c8-4e72-a48b-be56e120f84f
88.18,B,True,1e7992c5-c22a-4533-9838-bb1c01b4ec41
88.00999999999999,B,True,a674cef1-9673-4f15-96b8-db012068286e
87.98,B,True,f8182d61-84a7-45e5-a51b-a231b220defa
87.66,B,True,d9bc5b68-6bd1-4660-95d4-fe3d9abad15f
87.38,B,True,82b7d5c0-d175-4391-bd1f-fb2199c0049e
87.03,B,True,d6536591-918a-4c4c-abdd-2f5fdc461706
87.00999999999999,B,True,f420aa7f-da53-46fa-9868-d6ff1249c1d4
87.0,B,True,33d6baff-2b6b-4e0d-a7e5-18fb43798092
86.5,B,True,8d56ba7d-925b-44a1-aa80-fd258eae11b2
86.45,B,True,68a3ba6b-f238-4e9f-9df1-ca4dbe15d509
85.15,B,True,599d2ffd-3780-454d-88d5-8237c97b68cb
84.54,B,True,e3249c2f-9f93-4455-85e6-e48e38639850
84.38,B,True,613546b2-1ba3-45c1-8302-e21e56a531c1
84.23,B,True,7e8f2a8d-5b27-4957-8040-49f4b1a1c7bc
83.96,B,True,f702ab43-8984-45e2-8e4c-62c2c8f0ae79
83.92,B,True,28deb066-8afa-44a9-83fb-e935d07ad75b
83.86,B,True,3e1ea90a-a76e-457c-8e48-ee16fc9a619a
83.72,B,True,1c70d42a-17eb-4926-acdb-7bfab0bfe31c
83.35,B,True,9ecc7b48-8e8e-43eb-a240-9d879bb9429b
82.95,B,True,79b01706-6f43-4403-9395-21eb0c29fe29
82.93,B,True,878ba85a-0519-4df7-a0a6-83fbcb68a0ff
82.83,B,True,2cb234da-dd5d-44bc-9dee-ba76c9b7249a
82.24000000000001,B,True,42debcdf-e6dc-420f-82cc-c9630cc361ad
82.24000000000001,B,True,23c66831-db99-4bc1-ab9b-9df970c9b056
81.25,B,True,9a4af3d8-6068-4ace-9ac9-41011cae85e5
81.1,B,True,8e5ccd2d-0050-48c7-bcb4-9f0241b0d661
80.77,B,True,a922795d-7e17-40d3-baaf-ef7d117c150d
80.75,B,True,170fee62-5568-43f4-990b-ca0020d662cc
80.72,B,True,44998fed-e957-42f4-a657-d0e43840c2f2
80.08,B,True,7612af7b-9091-4430-8ea9-73295895417d
79.77,B,True,f328cecf-cd9c-49f1-95d0-943946a76c72
79.52,B,True,551ff0e9-7d84-4855-b51d-051be7db6cb2
79.38,B,True,b3e8c1d7-5f0d-4849-a978-b82dab69aa3a
79.35,B,True,4236d02c-3ca7-4635-9fbc-e873a8dbf8b0
79.02000000000001,B,True,d5bc7b0b-cf25-4a82-a4a9-d8ab3be8be49
78.9,B,True,fc8b46de-ddf5-45db-80a2-11effc12ec92
78.5,B,True,62eb4c21-e8da-4aa1-9775-4566e19eede2
77.8,B,True,880a5d68-c76f-44b0-9805-c1bd1c9d5180
77.12,B,True,877dc571-d10d-4fe8-bfb2-a9e109fda127
76.75,B,True,81f2a272-c2b8-4e2d-a575-78dbcf75730a
75.8,B,True,f0a601dd-9f75-4b51-821f-5e832c9d2a3a
75.62,B,True,15630796-31b2-47a1-97e4-f7de4f9057f4
75.58,B,True,c7600a75-7cc9-4e0e-8249-6ac63132c3ba
75.2,B,True,072551d0-aa1c-460e-9400-e7b6959a305d
75.11,B,True,e8cb5d42-0105-40b3-8eb0-05260ecaf67e
75.0,B,True,3c1f8086-71ca-4896-9020-4d55ee5d6e87
74.87,B,True,db8b72bd-c486-408d-be8b-49caf739ee26
74.09,B,True,178f55bb-3828-42c4-bec8-fb66cb0a38e6
73.9,B,True,a30b8594-4d99-4a2b-b0ad-ae456a169649
73.24,B,True,c13e2723-2a33-4a04-92a1-172e7e7d7e40
73.2,B,True,a9c5f561-87c3-4863-8f90-32391bd8763a
73.0,B,True,f6061812-1a52-40b9-995e-87436b78b500
72.99000000000001,B,True,b9379f27-6bfe-490c-bdc4-3b11f177e3e7
72.67,B,True,6f7bbb62-62a4-4149-9213-7d718d752f11
72.05,B,True,86dde6b7-d1a7-4d59-8dec-394751af4b25
72.0,B,True,78782d21-23a2-4136-83d5-c46c2d3b9f8d
72.0,B,True,ffab190c-3cfb-4f83-8dc7-8fa8247e7c2c
71.96000000000001,B,True,60cb10b2-1a52-41bb-879d-6d1d3f07aafa
71.19,B,True,cecc5598-6c5b-4633-941e-45dcbe5d7081
70.97,B,True,e95263ae-9a50-4a6a-8bda-62f7bb13927e
70.68,B,True,32df4b68-999c-4c06-9484-4066d71bd3df
70.55,B,True,ca1d9f1b-575d-4498-a1e7-a6eaf0071613
70.24,B,True,e6ea910d-d40e-4bdb-bc87-0d3f3ab40f5d
70.1,B,True,a44eb1a2-1b94-44a4-b777-faa74c686662
70.0,B,True,da0d4342-fe7f-443f-9ad8-f1a3880232cd
69.97,B,True,ec34fb9c-291f-4231-912e-f38628ec1344
69.78999999999999,B,True,ee9d3b6c-838e-41be-9460-3d792f180295
69.26,B,True,70e5022c-2806-4e2d-91c4-5e360eb29d5e
69.05,B,True,a3e8d26d-967b-4fb4-b56d-73aeb7145aac
69.01,B,True,73082ca8-e8df-4aff-ace0-a514827563f2
68.84,B,True,702d3c20-edd3-4bea-9c4d-f4a135c1abad
68.74,B,True,97391e18-b3b9-4b37-82f1-9e23a838fa04
68.53,B,True,44993d62-fcfa-4c7c-927e-43e720b99392
68.4,B,True,f2231520-82af-4ec1-9b17-b10277dd77a3
68.36,B,True,105536f8-a727-45ce-b9d7-eebc6ada6eb3
67.93,B,True,8b552f83-6b99-4a09-9888-a16131a682e0
67.9,B,True,15401e5f-0750-4a28-8ea4-3e6f8236f415
67.83,B,True,eca38658-c543-4396-9f32-c999916c2307
67.78,B,True,8f5b4d5e-0bf2-4c32-bc1b-d3239ecbcfa8
67.6,B,True,f0cb9a26-3fdc-450e-8a66-04c602a3704c
67.56,B,True,ff99bc17-4aa4-4a92-a25b-7423778d5bb2
67.54,B,True,0e0ee153-620d-43fb-a2e5-7ac77b91f0ed
67.06,B,True,f2d66ce7-c69f-4828-a071-159b9fa46995
67.05,B,True,edc972d3-664c-473b-a74e-8e1101822dc6
67.0,B,True,e2bebf2d-a03d-44b4-9b8a-0ebeb02aa77b
66.47,B,True,707c07d7-a7d7-41cc-888d-742d97399399
66.38,B,True,86cb5a4a-3d4b-44ff-9ad0-a96135c22e27
66.25,B,True,7921b43f-8a4b-4537-87b5-5fe47336de02
66.03,B,True,9c63013f-b0a2-479d-bff2-ab5811e7966e
65.85,B,True,3816c2c4-6b4c-4536-b4af-d16e375bae2d
65.8,B,True,16654ab5-3cca-4c4a-8b1a-babef44b12a4
65.67,B,True,f112a6ed-5145-4815-9870-45dfd8b83bf2
65.36,B,True,f9242143-b701-4298-ba93-7e44873f51b6
64.99,B,True,f4be8770-7b57-4e26-a4a5-d7242e1f92ee
64.95,B,True,434b7cff-d35a-44a0-ba53-649400f8c784
64.84,B,True,c70f2d51-152a-44dc-9a63-ff34556ba57b
64.72,B,True,0bd073fa-45c6-4266-a81d-f8e44f586bb8
64.63000000000001,B,True,b40edd1f-4083-4de4-a359-5d0cef044215
64.56,B,True,d197390c-0fd7-438c-aa6a-3579ee8a3bf0
63.76,B,True,010b2d6f-3e70-4a7f-a4e7-d9236904f4e5
63.65,B,True,3d1400d2-cd07-419e-a804-70b204935962
63.62,B,True,4d197d9b-1d0c-4569-8f35-464e708194a1
63.55,B,True,ed94b512-f7b5-497b-b8ba-1762a7dfa0d8
63.55,B,True,26d25a01-37fd-4d65-8cfb-d599b405f073
63.2,B,True,8c8449e5-843e-4be8-a4fc-413e6019e9a1
63.199999999999996,B,True,d34f5baa-62b6-4add-a3e6-8563668a6156
62.87,B,True,4a7ad6b6-e1c7-4c58-8688-346fdb451b86
62.61,B,True,93ee78b6-c244-4f92-9ddf-3e3e61837288
62.480000000000004,B,True,c8fb525c-653b-4345-8cb0-b192f29737f8
62.29,B,True,8d0dbddf-e590-4a80-af1c-c2b03dc79586
62.24,B,True,c05c87ec-b8cc-44d0-b736-013332b150c7
62.0,B,True,2112e635-f139-422a-b919-6d0e274798a4
61.81,B,True,21e0f992-57e7-40f9-a7e2-260805efe98f
61.29,B,True,af01fd1d-0e4d-4854-ab51-6a1b9ee336ed
61.0,B,True,66957163-7168-4cab-b385-590d296a2d3d
60.5,B,True,86e32782-c3c9-4b87-a76f-bc8c7069f96e
60.16,B,True,31a69bd9-0ccf-409c-a1d8-4244a77a8c7f
59.989999999999995,B,True,9de4ed65-ff19-4c83-8ab6-bd53627245d4
59.98,B,True,e3686cbb-910a-4f08-88a3-97f5c3b86deb
59.47,B,True,fc9bf1eb-1740-4acb-9d25-d2e0963bad2f
59.25,B,True,a990c693-9b79-4634-940b-05aa8ed0a82d
59.17,B,True,6606bb52-511d-48ec-a30c-60037645f023
59.0,B,True,77e9b785-2543-4a34-b5b3-ab3ff7aac8ff
58.96,B,True,5ba4ed93-7b6c-483b-bb88-e8b900be6635
58.900000000000006,B,True,deb78c3e-f426-441c-923b-4952e63d7cf6
58.9,B,True,03606958-69fd-4488-b1df-3fddb1b29ab3
58.8,B,True,8d0dbb82-642c-401a-83d8-e2bca8331440
58.77,B,True,6adbfbdc-b9fb-4290-9fa0-c25470f2322c
58.27,B,True,9121d813-9694-4236-8256-f20db4372515
58.0,B,True,b803b909-39f6-45c7-8be8-379071a44463
58.0,B,True,90fb7148-98e4-4638-a876-0af27bb97746
57.99,B,True,a65bbdc6-8169-4d98-b781-2c73029f89af
57.56,B,True,67dddd01-59c1-4613-9253-0107a625846c
57.11,B,True,9bc32051-7a4e-475f-a434-2c50a065ad62
57.0,B,True,2453d0d2-bf1d-4e0b-a3b0-718d0920ed2b
56.82,B,True,1e752394-9794-40dd-98ef-5a0416bab5ea
56.75,B,True,20087611-a392-418a-abf7-a5fa5dfb1aee
56.71,B,True,0102e6ba-b9c2-48f7-9092-587181e5d218
56.57,B,True,ad52170c-852d-4a6f-918a-6332613654b0
56.26,B,True,8dc11d55-b000-4e14-b953-5ca84b817e6a
56.13,B,True,31b89aee-0431-4a4b-84ee-073e79ee697c
55.95,B,True,e976f77d-c483-4292-abcd-1f2528aacf8e
55.95,B,True,4e4f7020-cfb7-41ca-9eae-b400a1de6b6a
55.64,B,True,2154e35a-a98f-407c-b46b-f3bd20f489f9
55.46,B,True,d0b9bc70-d995-4acd-aab0-4dba36947526
55.38,B,True,345044e2-e016-46bf-a95d-42812ce5bfca
55.28,B,True,3aab62f1-981a-480b-b280-c490a9616420
55.14,B,True,5022daea-dce2-4c93-9b0b-442b04a2a6f0
55.0,B,True,12a1f40a-d6d7-4eec-a4bf-3fea0cd0e215
54.34,B,True,9e79d642-0453-4e95-b1b4-1f9dde1c29a4
54.3,B,True,86f50c06-1d2e-4991-9f3e-31c680637127
54.269999999999996,B,True,73b1e681-07fe-4329-bbc2-d8d6bccde81f
54.11,B,True,f027d1b3-e85d-42fe-b32d-3b346b834e7b
54.05,B,True,6817e9bc-0474-4c70-a8fb-cd83c8dda100
54.0,B,True,ca398e0d-dc1c-4703-92e9-ea7969e01fbd
53.77,B,True,4cef4578-578e-45ca-b854-ed1d33a0297c
53.75,B,True,3d8cdbfd-144a-48d5-a5d0-385654eba3e5
53.34,B,True,7a5aef7c-df15-426d-8ac1-7c26e16de79c
53.16,B,True,96bd7f55-867c-4c6c-becc-cd043a61110a
52.85,B,True,b42a36f9-9c9a-4926-b119-28a8d7a4cffe
52.81,B,True,1ed2bd0a-5e6a-4b3a-baa5-4fe40cd33efa
52.68,B,True,6b6b4aa1-8aa1-4f48-8d80-b9c4f3afca32
52.53,B,True,068d5e08-1186-4028-bdb6-60804529f93c
52.32,B,True,f6ee96e9-2f0c-4df3-bebe-af88fbdb7e81
51.69,B,True,df69c96b-e755-4627-91bd-1d1a2b8e2639
51.5,B,True,15f66aba-e9ca-4faf-a72c-2c18a857ce6e
51.349999999999994,B,True,891b5e6b-1696-47c1-b9f8-d119677d31b5
51.28,B,True,edea5270-faeb-4f2f-aa6a-018ea0acfe0e
51.2,B,True,0eca6f13-4eda-4bcb-895f-04030ee81cd9
50.84,B,True,27c62a52-60e7-47f5-92ae-4c7fcf49a402
50.79,B,True,10d4f7b0-872d-4e81-bd2f-6bccbf3f9202
50.61,B,True,494807d9-b6b0-4166-a78c-e625b476f27d
50.58,B,True,a5c1023a-eab6-431b-b6f3-392c852f5c64
50.55,B,True,0ea7aed5-d23a-4c66-aafb-3939f3f501c4
50.52,B,True,74bdc4d9-1f1b-465e-a9ae-b34382f55dfb
50.5,B,True,7f4628ee-62e4-45ea-a2df-a6d978a32319
50.34,B,True,4abbfe15-ee1c-41ca-bdeb-e14b116a759b
50.18,B,True,7290a354-b5a6-4b35-a3d6-2fdbe6ae6ad0
50.14,B,True,d054cbc1-983e-4dab-a980-5f1cc18df8e9
50.0,B,True,009caacf-c094-4b84-adde-424c584b0b33
49.98,B,True,6cdd798e-29b0-4761-924d-9961be672d07
49.92,B,True,edbf2178-1c0d-439f-a61e-b13c6d84ea06
49.89,B,True,b3d3416a-238c-4021-9b1b-71b986fbbad9
49.870000000000005,B,True,4588eea6-2e85-47f3-b083-79e97dab5904
49.83,B,True,c7c04157-e107-414d-b3cf-0affe79e0b54
49.8,B,True,c37d8e1b-ddc2-454b-a095-95c0a86c8b2d
49.7,B,True,fe65cb53-6220-4000-8c85-88e1f4074d71
49.7,B,True,4c0be702-3b14-4df2-a259-ec6da13be6bd
49.62,B,True,34b56d39-4557-4ed5-a3ff-12c0f3b50317
49.0,B,True,4e468359-2fc0-48ec-af05-f75dd0ab6fc7
48.9,B,True,72e8c4f1-c6aa-45ed-aec1-6c90f89e2bdd
48.44,B,True,2f1cd7f0-29e3-41c5-9048-24685d998051
48.41,B,True,fa192ee9-281a-4ee3-95c0-48c1e17adb11
48.269999999999996,B,True,0a7f8afd-3884-4e0e-9469-46a84b4c56c6
48.21,B,True,5a7830ca-b0c0-456c-af70-f203ad9888c9
48.199999999999996,B,True,47e3690f-6cb9-4f80-a21b-a9608d6545d0
48.19,B,True,7c6f58f1-d3f5-4106-8636-db38f2eb3d02
48.129999999999995,B,True,b7f04070-a67e-43c7-be7e-9737fd00e5ca
48.129999999999995,B,True,af3bb123-5d74-425d-b141-cce6105cd129
48.06,B,True,d72ab846-357c-4b57-b0b4-188301a1b63d
48.05,B,True,99c697d4-3b95-4a8e-838a-e8099c4e1384
48.05,B,True,59149274-45e4-4368-bc10-d7eed39d75ef
47.94,B,True,a2d84e9e-47e0-4230-a4d3-8a7e81560540
47.94,B,True,ecfdbe89-f961-42f7-a3fb-77b1b79eebfc
47.7,B,True,25bd7e67-cae6-489c-b0fc-cb256bb03bfa
47.55,B,True,f6e0070b-1964-4ecd-8658-eec4bef570ef
47.27,B,True,e37415b8-da09-4323-8ef5-b8778e8d06cc
47.16,B,True,e9382852-9bfa-4f19-8452-6e4bb3534d41
47.019999999999996,B,True,c1358767-76f5-465e-b80f-16e57d6d0b9f
47.0,B,True,62025d39-57ff-4c41-9d6b-a3524d63d42c
46.99,B,True,9a3b0235-a3ab-439b-a424-4a639bcf3b93
46.94,B,True,48486476-ff8c-4612-9403-418977a5ccc4
46.87,B,True,b44b7a42-8b55-4b6f-8a7b-064946775561
46.839999999999996,B,True,bc45c771-7b56-468f-a555-0c49c7e56e82
46.83,B,True,f64a99c9-2870-43af-b914-7e41c39dc1ed
46.55,B,True,617e568a-6385-4ef2-ae9d-1e217444f436
46.37,B,True,a79fded3-d0c0-4235-a34a-2791ef3b2528
46.010000000000005,B,True,accfe1e7-a627-4212-a8cc-839c7bce1c22
45.93,B,True,11dbe07a-3e82-4af7-87a5-75a5d94bd632
45.78,B,True,60bb8407-e9d4-40b1-8499-f3fe13b89345
45.77,B,True,3968b720-a0d0-44f0-8feb-0132ca312f41
45.77,B,True,22efd485-73ce-4eaa-a85f-7d48511550d7
45.72,B,True,d02da921-1e3f-431a-b6c7-07a8bde4f3da
45.69,B,True,d86f5c87-61de-42e1-a6af-be42b6027d03
45.64,B,True,5a88b8f7-10ac-44f0-b5b4-f69ff5bace90
45.36,B,True,683da2f0-c745-403a-8bf1-63c145c07f90
45.25,B,True,63dedd3f-753d-4ebd-a569-285eacd78eb6
45.17,B,True,330b8b47-8766-4110-9d75-912b1f913205
45.15,B,True,ae8e3b3c-14c9-4655-967b-a6549d71d707
45.15,B,True,bcf3ae7d-654c-43dd-adf9-56a124ac38e8
44.92,B,True,1ac15d03-c037-4e7d-b0f8-a50fd533d33e
44.85,B,True,55cc04ce-96bf-4aac-820a-059d69b1f759
44.760000000000005,B,True,7eb9f6ab-e583-4b42-a393-9dba13477302
44.7,B,True,9bce1801-050d-4c93-93ed-1e44af51091c
44.57,B,True,545064b5-db3f-419e-a6fb-f6840f2ed586
44.57,B,True,8ddc2a40-dedc-421a-a930-97949c94466f
44.55,B,True,748778e9-f4a3-4897-833b-dc8fa338efd1
44.47,B,True,97d0da2f-d999-4937-9ea7-81709399de0c
44.410000000000004,B,True,d5a1da6d-73ec-4be2-8b11-e41dc832805e
44.199999999999996,B,True,e31ca38a-f952-454b-8e1e-6f766c09324c
44.12,B,True,323525f3-80c7-41bd-a51f-38b1272d6831
43.78,B,True,6ec638f3-4a3e-44b2-8989-2da080f16da8
43.730000000000004,B,True,8436f2b7-c458-40d4-9ec8-9e46bcaaa11c
43.68,B,True,f8b93896-818f-4d98-a09c-6e7e3bca6fa0
43.42,B,True,3dfa9b0e-ff15-4f07-8f2f-7cbf3a23fd75
43.410000000000004,B,True,f241b76a-8dc7-4d65-b0a6-1b7f1e610679
43.37,B,True,b400a15a-b9a2-4700-b1f8-5acda34dc79c
43.29,B,True,899716c2-9f3f-495b-97e9-7bf32c3adf99
43.2,B,True,6b537e64-c6bc-4868-b5d8-9457b7e01d60
43.0,B,True,a3f43ff4-d6f7-4378-8e7b-8d501e5d8d7e
43.0,B,True,cb454be8-faec-4079-812c-45cbd9da0b99
42.730000000000004,B,True,cdd29612-ea03-4f4c-b380-158e0c795525
42.65,B,True,9c86b87e-add2-45ad-b89f-d7448b92a488
42.58,B,True,a6c53b18-5502-44a5-9f38-87a2d680044a
42.51,B,True,a76ab5d9-6b30-439f-9b77-4915f0ecd069
42.12,B,True,97e35179-9420-4dc1-9ca2-09c7e1013fcc
42.06,B,True,80e73922-986c-40bc-a960-063b23358ba9
42.0,B,True,b1f18a33-b57f-4691-8885-5eb839e85706
41.96,B,True,ef9ca183-52e5-4f6c-bf6e-605f295069a7
41.87,B,True,36c95b7f-f2b9-4314-b269-c9ad54b5365b
41.85,B,True,0c38b725-f1c2-4086-96f1-b7f6059cdd72
41.6,B,True,ca19d8ed-3e68-4f40-8ee4-42ddf96eda7e
41.58,B,True,4c49e9d1-76e7-49f3-815b-aea7d6cf9dc8
41.300000000000004,B,True,83f28458-93f2-4313-b0e9-2c6cccb20f26
41.0,B,True,0e057cc0-be0c-44af-ba25-d26476b4105c
40.89,B,True,009139d5-bd9e-46dc-b453-28d406a5feac
40.81,B,True,e4c404c1-a1a0-4bcf-8879-f6b4d0b4fd0a
40.8,B,True,23f216a5-a0c9-4330-a0d7-68aea65d64ea
40.6,B,True,9449698c-3b60-43a8-8c4d-aa089708c09a
40.6,B,True,722e1cfc-7d1e-4443-972e-df99067a7e2c
40.59,B,True,d43a6b28-59b1-4971-81d9-88d0711e2c2d
40.44,B,True,eddcb372-8194-4094-88aa-a55ae21749f1
40.44,B,True,2bc4955c-909c-477e-86c4-19eaf165966d
40.39,B,True,d1f6e3d6-6193-47eb-9d4a-75483b9d163b
40.3,B,True,77b9dabd-20a9-4508-a012-25279b989066
40.05,B,True,ca765a51-fb0c-4b0d-9ae1-1a9cb8f68ac0
39.93,B,True,0282d53b-cbe8-4446-9ad2-e02200fd4c18
39.78,B,True,534af3ea-9c15-452d-950a-b9c4fc20718e
39.68,B,True,80438a04-3c01-4fc0-8543-3b8192335aad
39.6,B,True,8b73ee10-4162-4bf1-b6cd-89d53abc03f7
39.6,B,True,c40f3ed3-6ab7-4f1f-9707-33fd9a13b3f1
39.379999999999995,B,True,cad7f93c-044e-4bbb-91b2-0cece7eb21c5
39.260000000000005,B,True,0318ecd3-26dc-41b8-a7f3-0d0e67f23a68
39.24,B,True,0fd14f5f-e2a3-4dbd-9a2b-cf949e3cc520
39.02,B,True,9c16fbfb-169f-40e6-b5e8-d8fe5d2b4880
38.94,B,True,261959ec-4bcb-4dfa-9b24-3cce7398baf1
38.88,B,True,bfd27085-13c4-4c09-9978-7c4ce05bb2e8
38.47,B,True,7a7e64fb-1ba1-4073-bf4e-2e936cb43b72
38.4,B,True,090ca80a-c643-4bfd-890d-82d72f1bbb8f
38.4,B,True,11aa4f22-e04a-4622-bb8d-0f077a53f48e
38.22,B,True,3897f685-f084-44d3-8b1e-21afd9299632
38.18,B,True,bacf3ce4-2bb5-4045-b3a4-fb6c4196f70e
38.16,B,True,ed030709-7123-4eda-b6da-18f05555a347
38.03,B,True,58b904be-5f30-4013-841f-315a6ff8adf1
37.9,B,True,c21457dc-e71a-4cd4-9672-41f01149f60d
37.9,B,True,78d943d4-866d-41b3-ac48-046f0c54dec9
37.58,B,True,2574852f-e777-402e-9b13-15146ccbfdbd
37.53,B,True,3f798588-3361-4bd2-af3b-f530afd6db59
37.5,B,True,5ab6af16-99cb-42d8-91df-37c9ae83cc25
37.43,B,True,2fb3c40b-c93a-4548-baa3-222cdb68d080
37.3,B,True,45c0ab5c-6f20-4ffd-8b75-7c566675c14d
37.0,B,True,4b7126e2-8f06-4ea8-8295-007f9c41da26
37.0,B,True,379d604b-7882-44c1-adbb-d95ad77821ec
36.98,B,True,9eb6c9a3-ef8e-4976-9f40-356cf98deedc
36.9,B,True,3be2d58a-1c78-42f8-866c-72d99d0f750f
36.88,B,True,91a72709-7a71-47a3-8016-3a9aa144dcb1
36.8,B,True,ea616c83-49fa-413d-a0b5-063517bfe412
36.620000000000005,B,True,9e6d655a-b253-4e95-a1ba-2d8d81a166d4
36.53,B,True,6a190c48-66a5-4645-961c-e683a385ddf0
36.5,B,True,a72e1d6b-b5cb-42f7-800a-a64b08aedf28
36.36,B,True,b73b30a3-c2d0-493a-83af-e8470b5b2f79
36.31,B,True,54e2c871-272a-47e7-94f1-39c5a9d500a4
36.28,B,True,2bc675a9-9c8a-4f41-80b8-aab2688c22f2
36.28,B,True,dc87ed18-2488-4804-a1c4-d12de9ce3482
36.18,B,True,62ef3927-98f4-42dd-911a-083e86ab8b9e
36.09,B,True,28cf175f-b3e7-49ef-ac3e-7e641bb81b2c
36.0,B,True,536aff40-3ef4-42f5-b0c3-d2499151ee9a
35.9,C,False,4e7ec00f-c0a9-4699-8552-86e627261406
35.84,C,False,4f3a31cf-3a22-4148-a82d-4d6072597a6b
35.84,C,False,dae63f95-5d2d-4e9f-8c2f-d2fef897db1b
35.82,C,False,455389f8-28de-4173-8f56-5e1a34923af1
35.79,C,False,70658fca-7c0e-4ab9-9ce5-c50ff3d531ec
35.78,C,False,fb745944-56a8-4174-b1b2-872b3e3723fc
35.64,C,False,f24e963a-9f37-4320-ad61-10ad13301ec3
35.54,C,False,8e285499-da08-49e1-81be-4549de723527
35.3,C,False,7331c54e-8d3d-47b0-983d-d49112e0c6b2
35.05,C,False,cade90c6-6db3-4e7b-959c-e25fd6eb0291
35.03,C,False,263af0de-aaff-438a-bae5-82bbc1912438
34.96,C,False,a1264c0f-601c-442c-abd2-a73655debc1e
34.4,C,False,718403bd-265e-4d5d-95ef-336055700045
34.3,C,False,da68738e-6f92-4f9d-bb06-9beb44c31aea
34.12,C,False,832ca456-56a1-4df3-bf20-8399bb5f14d9
33.87,C,False,2cc87e0a-e209-4783-b972-ba8fd4df96f7
33.84,C,False,6d05ca2e-3a5b-4514-84ad-751ca89c03f0
33.8,C,False,8cb138c0-3ec1-4831-8987-b5594c2dd2d5
33.67,C,False,9406efaf-4327-4e69-95a3-41bd21590d34
33.629999999999995,C,False,5d2189c1-08b2-4a1e-a007-6a993661a36c
33.61,C,False,3d8e4727-37e5-412d-8dd7-fdd2d872ef91
33.51,C,False,10e4716f-c2c8-48ec-9662-da5b939e8e1a
33.4,C,False,00448117-9376-434e-b72e-304dd6502656
33.3,C,False,1c32ab21-f465-474a-a653-3a4b4503236e
33.25,C,False,24f03300-5666-4ff1-b0d0-15a162b3aee2
33.07,C,False,efdb7998-0788-49a3-a561-f81879e222b7
32.97,C,False,67f9e4c8-6d76-4e8e-a483-f217b9a05c21
32.78,C,False,32ea4dbb-a31f-4810-97da-c9365d6415b5
32.73,C,False,ce411b0e-ec7d-4e71-816e-4abd700972d4
32.67,C,False,fc3473ea-32e8-4195-9199-65ac803c19cb
32.58,C,False,b0e92b78-7f5e-49d0-a350-7e8c7a8b42a9
32.39,C,False,b9890f2f-62db-4a69-a176-53560d44125f
32.3,C,False,df6cf642-40a1-4e3d-9eb3-f10bb801a682
32.24,C,False,f424c591-c8e4-45c7-9463-66ec12884c92
32.21,C,False,17e73453-6e89-4703-a5a9-371b9732b5ba
32.19,C,False,8285a19f-ddf0-4e48-b489-ea7e3142489f
32.18,C,False,4a9f9e19-050f-4ef4-9a29-4b009320cec4
32.16,C,False,9fe852aa-62f6-408c-ac31-efd34c525687
31.999999999999996,C,False,ab229d09-e240-43b9-907d-3ae7e4853742
31.9,C,False,255e8fe1-1c12-4928-8200-d4dad64b1487
31.9,C,False,db06cd68-05f2-4737-aa38-fb12f59d1af0
31.79,C,False,25e46db5-1d2a-434a-9c54-afc9519af565
31.44,C,False,f32e2dab-abb2-4216-9f45-debcc2b27f82
31.43,C,False,680f07e8-b04c-4bf4-9acc-83bc57df0751
31.3,C,False,c418dcdf-2112-4114-8ac3-ff964f3f963d
31.2,C,False,2478b90d-52c3-475b-b28f-bc1dfd7f155f
31.11,C,False,ec1b4a25-143d-48f6-b8e6-6e95d8484f1f
31.0,C,False,02f7536e-d85f-4c96-b9e5-78e66458e8ce
30.700000000000003,C,False,ac5a5107-4d78-4c5d-9c14-d807d892da9b
30.52,C,False,5b8be1f6-af03-4673-8b2e-f36ae7184082
30.39,C,False,e097db6e-3f52-406b-9be9-914c547a3323
30.3,C,False,bf26b28c-fc0c-4eb3-a5ef-be47f92a9eaa
30.29,C,False,e89471c8-0c1f-4e54-9715-0a1f644465d9
30.26,C,False,707efabe-dd00-484e-8937-23fa32ed8ceb
30.25,C,False,6d310aec-6a2b-4c8f-bd5d-11c42b168254
30.22,C,False,518a128c-ba57-43e9-a172-e141ba6e50f9
30.200000000000003,C,False,069b3f06-c300-45ff-834f-8c96effade81
30.18,C,False,fc4e633e-d592-4652-9a9e-16580969292e
30.14,C,False,1d23d522-970f-4b6d-a90c-147ea56987df
30.07,C,False,71a53a9d-ee67-4832-8dde-eeaf262d786b
30.0,C,False,44e11125-5477-42c9-81af-31ba1a731b6e
29.99,C,False,bc66c217-25bd-49f0-998a-be809b5b991e
29.98,C,False,6ef1032c-b79a-436c-8f4f-6b0d5da74cba
29.96,C,False,12368354-9464-47e9-953d-d51ee5799a5f
29.95,C,False,cd54f6e3-8e0b-439b-9240-e49e39857cd2
29.9,C,False,00cb0c61-d852-4a32-b496-c94eda757b3c
29.880000000000003,C,False,6e343076-c001-4afc-8b3c-1306724bbf6c
29.8,C,False,40bc24a9-5125-4a8e-93f7-cd204ecfd697
29.75,C,False,3dd4c0d5-54ea-4452-83ff-aee89503c329
29.75,C,False,18907c16-c0b5-46bb-911d-28b36054818b
29.71,C,False,381892ee-603c-4c0e-9161-24f7187f8afc
29.61,C,False,cef7a6b4-d0a9-4de7-8998-a9edb82311fa
29.6,C,False,53c5bd59-0716-4eca-a6ce-d9f37ed3ee57
29.5,C,False,1d845058-d712-4baf-85bf-098f2883463f
29.5,C,False,41a08810-4b05-4f16-86b3-dc92d77bd74c
29.43,C,False,8937ee7e-6b9f-4ffd-8ad5-ce61f99f3155
29.37,C,False,df366ff1-ff10-4cbe-bbf7-b27f5c905be5
29.36,C,False,8cb2103e-f183-494c-91c5-69e517d5a0bb
29.02,C,False,d5eb4c01-e8df-4c1d-b8cc-9c767d1c4ce2
28.98,C,False,89c0d03f-9ad5-4dc2-8bb2-f87ae6333361
28.93,C,False,f4448bda-fa89-450c-a6a3-f8c64f46659a
28.919999999999998,C,False,4ce01e49-b7cb-4624-99bd-2ce95b979d4e
28.9,C,False,319b06d7-6b15-48a0-8fdb-c572af00b29d
28.85,C,False,31d3ada1-7dd3-4ed5-b607-f8ca53165822
28.75,C,False,af780e56-0cee-4e27-bae7-c56e9317ea9f
28.5,C,False,282f6c0c-ebbd-4eb4-9db1-53968a769c3d
28.47,C,False,a873f233-9982-4fae-acb0-85f0ab807242
28.38,C,False,ca4b1177-9509-4d2a-91c4-727a417ccaf5
28.28,C,False,f38ffc33-b138-49c6-9bac-b434bc9321e4
28.23,C,False,10331589-5500-462e-93a0-2aba73996bc4
28.23,C,False,de5e0ea1-d2bf-4f73-890d-f6c0d60af053
28.2,C,False,b4e78848-0db9-427d-ba2f-28c128fd17c2
28.06,C,False,8d38de12-9c5c-485c-9fb4-4a96947943d7
27.8,C,False,51d2eefa-682e-46ab-aae0-7b4dc56ee2d9
27.8,C,False,f8345dc6-e1a7-4ea9-831c-524a5ae2b277
27.79,C,False,ba8e03d0-4d77-4a21-bc9b-a8195c762c75
27.44,C,False,063ed50c-f0e1-4c63-97d8-bb44e878403f
27.39,C,False,d732fb8d-fa80-4cf3-b6ad-46b5edf82f31
27.38,C,False,1e8ba776-f9c2-4afb-bb77-c050e6bb06d1
27.29,C,False,b7a0b8ba-0bd9-4d7b-8d57-215a5f33cf1c
27.28,C,False,a0808e9f-103e-41c7-a226-b79899d24ff8
27.27,C,False,c98d083d-6cd8-4301-b130-c741bead324d
27.259999999999998,C,False,2c61cae8-0a3a-4b88-ba65-afcaa0c4bfe8
27.0,C,False,2ca4fefc-3b82-47f4-a071-879d8e68b9b5
27.0,C,False,b9d510c8-b7b8-4960-ad86-ec5569d50310
26.96,C,False,0b3fc846-96b8-434e-a790-ee3bd15bec7e
26.880000000000003,C,False,6baea0bb-9dc7-48d8-80c3-8ccf7cf43c40
26.619999999999997,C,False,c104dbd4-7685-4538-81f1-8cce141215c6
26.6,C,False,dca6d94d-2e21-481d-a4de-598b2b86b0fc
26.3,C,False,4765316a-33f9-464e-a642-95252742341a
26.26,C,False,8e0fd965-ec29-49cb-ad3e-f8afb6eacd2a
26.11,C,False,214d6502-12db-4bdf-9177-e7f14373e2d7
26.08,C,False,1ba552ae-3931-4d51-b03a-0454c4c06eb7
26.06,C,False,ec333793-69c3-4b6f-8c42-f75e17994279
26.019999999999996,C,False,a59ad586-9cc1-4c88-ba52-2aa98202afb3
25.99,C,False,1d986066-a4f2-44fd-91cf-e2d0f9b10e9d
25.909999999999997,C,False,1febf608-3dcd-490b-aab8-d6f3ecd1f7be
25.87,C,False,50abe530-78c8-4813-95a8-f6b2429f2ad7
25.67,C,False,62e059a7-3915-40e9-a321-71cb3d5f1191
25.6,C,False,e59b6ba7-e7cf-4640-9a21-e5ab6f60544a
25.580000000000002,C,False,edee8105-3c50-461e-9748-56edec8fd33a
25.41,C,False,241f91f8-f121-4544-b5d0-128988bc2206
25.34,C,False,2e46ca1e-b293-4496-b127-4105ce72a331
25.33,C,False,f6f7cc50-494f-4b5f-887c-19f15084a2e1
25.24,C,False,cea0c6a0-3811-4bf6-be8d-3052f44f524f
25.13,C,False,1a34970f-c36f-4fb3-ba25-896bfce6f835
25.0,C,False,a6f040fe-1de5-47ef-9ef4-f75e6a2b90b5
25.0,C,False,55f011f6-bd77-4d44-9b66-0d3f6ccb0fd6
25.0,C,False,f042e831-a6a0-40f1-b534-88c685e657d0
24.99,C,False,40d77ed7-39b1-449f-b530-2a10893f3249
24.95,C,False,d1fab0c0-b205-497a-a921-cf2d36df5800
24.9,C,False,e6955213-ba53-4b5f-ad27-bbb2aa34c2f2
24.89,C,False,f16284c9-7627-4f2e-a20a-b31d7616f723
24.72,C,False,4883df15-df6b-4863-81b8-7b141e579ff0
24.57,C,False,f31a8e89-b458-4def-8a42-99300cb9f449
24.53,C,False,73300d67-2f24-4bd7-9171-9196b02aba84
24.4,C,False,591a1cbb-89c2-47d9-b276-a8c8c2e016bf
24.31,C,False,fcb549a4-0f33-4e5b-83c4-17ff4d0f78bf
24.24,C,False,5219d856-40ce-4308-90f5-f98d84103530
24.17,C,False,3a296db6-4a63-4b6e-a121-aa6f9ccef935
24.12,C,False,06d87ba1-d0aa-439c-b1e8-083ae4002e97
23.99,C,False,7a999520-2971-4341-a80c-6d6d865da90a
23.950000000000003,C,False,b67a9e43-6cee-47a0-ba68-5aabc5df41e6
23.9,C,False,4618c132-58fd-4381-a385-dc278bf447cf
23.89,C,False,50c03543-5779-4ed3-9393-c2e96052563f
23.88,C,False,ad9b39de-f931-4acf-a9b8-00836ca11bac
23.87,C,False,40918f55-69d6-4a5c-9fda-0229bc60e052
23.65,C,False,7cdc3f29-93b8-444e-8d51-107b7008bfc7
23.6,C,False,48707e5f-af7f-4c90-b9ab-fee5fd70c9c0
23.6,C,False,0c6608b0-4bda-4c7d-a50a-250c3e60fb32
23.43,C,False,d8a3b720-d828-40e7-9ae9-49ad79da2bd2
23.4,C,False,a88e74d9-0be4-4021-9fc5-755fd5473cb0
23.4,C,False,3fa5c764-aaa2-4517-a9bf-794264fc6b82
23.259999999999998,C,False,032bf69c-e41e-41c5-a5ca-3aaaa320f350
23.18,C,False,55b834b5-fe9a-4234-b934-ab14f748bc04
23.11,C,False,a58ca099-152a-40c1-83ef-9b943302f065
23.0,C,False,29ac6dc1-8d74-479a-9846-ede9f575ac0e
22.959999999999997,C,False,d7bdf288-395f-4649-b319-1cc474259ad6
22.95,C,False,f231e060-e020-4132-b1da-ae0cbab1ea1e
22.91,C,False,dc8204b7-fc8d-4cae-8eaf-40b6bf25ac98
22.91,C,False,067230a2-1c63-46b1-a792-e98f52ee0e9a
22.85,C,False,15d045e2-e6c2-48a8-9db3-983cae9a80bf
22.78,C,False,12756cf2-f932-4ae0-b976-224ed9058a6e
22.75,C,False,c98e2dac-df0c-42bd-8e06-f330cf971d37
22.66,C,False,b5fb9879-5151-4585-8361-dbe29d0dc295
22.29,C,False,b05a12a1-0bb8-4e75-9f80-eef9a0c9f8e4
22.23,C,False,f9b6fb5c-cca1-474a-a549-f18eb5df9e41
22.2,C,False,bfba9763-03cd-471c-9e5a-71235a13d7d3
21.96,C,False,f93751f7-f57d-451b-bdd3-c6a3fd597496
21.96,C,False,5e15d2b4-70a1-460b-9ed2-5049abb855a4
21.92,C,False,aa556455-f2e2-4974-8ef5-914afb7fe68d
21.9,C,False,7c189053-72ce-4f23-8a13-34f4ef2868e9
21.869999999999997,C,False,5754c76a-49a9-4130-9021-5ec7d24231da
21.69,C,False,0501c0c7-683b-41a3-992a-62920bb91b71
21.64,C,False,5aa7cffc-ba4e-4426-a6fc-40c20813c5cf
21.6,C,False,a641f590-feca-4596-b62a-3510be87a08a
21.5,C,False,e8cb7dca-1d82-4024-bfc9-66d12ff265d9
21.47,C,False,7dfa63da-b469-48b4-b8ab-18ede0204f19
21.409999999999997,C,False,fa5044ef-3d20-478a-b4dd-482acd60b1c0
21.4,C,False,5799c992-15e5-4296-9d07-62a18bf40aa6
21.34,C,False,424d34e8-2e42-4c7d-a3d1-68fb1d554e2b
21.29,C,False,ef9388e0-a02e-41f2-af61-956cc3b4ddc1
21.28,C,False,6a493a4c-472b-4e7f-9810-5463d69ffc50
21.16,C,False,1d95f1a5-aaf3-4aa5-8d48-302950ea61b6
21.14,C,False,6ff95e55-5c62-46b0-b81f-be2bfde7dedc
21.1,C,False,f6a13473-fa22-4ade-9c69-fe3bc82e7e96
21.05,C,False,74798893-8b43-43a1-b05a-763d91c7964b
21.01,C,False,0583e436-4559-4149-b5ba-09f88db13a52
20.95,C,False,4f136856-4d4c-45af-8af6-5524ddec7d27
20.69,C,False,1c3bed43-16fd-48a9-93e9-41a9512b580d
20.689999999999998,C,False,c8789972-c695-43c9-8e96-1889b321358b
20.65,C,False,2736d6dd-4350-45fd-a506-0da1c659ab05
20.62,C,False,64d809ca-25d2-4336-8cbb-f22bb2afb15a
20.59,C,False,e3c7dda1-ccb8-43d4-a481-1d05bb1bc475
20.47,C,False,93a48090-82c5-45cf-8e90-d440ee9ed212
20.16,C,False,40bb2a08-17c2-4b97-9d5a-b95b03ffad21
20.0,C,False,59f9e31d-9bf4-45d8-8f03-2ec986e433e7
19.99,C,False,3021cac2-d0b7-4c15-bf74-f4567b310ab5
19.98,C,False,053ea6f9-b45a-4763-b2c4-1d243304c809
19.89,C,False,ccaf6d11-3e17-4370-9180-9e812ac73f45
19.82,C,False,3842de78-ad43-4a56-a368-b4834dc0fc0e
19.8,C,False,60776846-d682-4c7f-8837-107b8b942804
19.8,C,False,1a30f05d-c4d8-4381-a0ba-a0ea4543a670
19.79,C,False,9347ef03-37d7-4b0d-8444-dfd6a165f58e
19.79,C,False,b3b8e2e1-ca82-4a04-9e54-dd39b0133da9
19.75,C,False,bbf5ed0f-ddc5-4bad-ba58-4007e38d373d
19.63,C,False,9a9da9d0-03ff-4838-86a3-6a7f7af4f097
19.56,C,False,d9cf7a50-125b-4891-848b-6b4ba28379e2
19.36,C,False,274b14f5-32a4-463a-bbde-adb5f13e0801
19.240000000000002,C,False,1441fed6-b579-41f4-86dc-b0bb458ea535
19.22,C,False,faace62b-fbbd-4092-83e4-728528a6ecae
19.2,C,False,80fe471c-07bf-4084-bece-391fcad2ef11
19.11,C,False,bd7b841c-bf66-4054-8ad6-fb3ae090bca6
19.08,C,False,5baba781-3ef5-40d5-b183-8c559186ed34
19.03,C,False,a2991aeb-a933-4afe-9eb4-434e027dbae3
19.0,C,False,390220a8-9826-4c17-851e-ff9bbc5341c8
19.0,C,False,bcdb009a-7b73-4b8a-b2ce-a3bc4e0059b5
18.98,C,False,2148c237-25f6-4be2-b4c8-866df507e9a9
18.97,C,False,324ced5e-9be3-463d-9f23-b2f239ed5abb
18.96,C,False,48b2e87f-e9ad-49d3-b968-23c7fb780a56
18.93,C,False,1e985a1f-2372-43d9-9c70-5baba4248640
18.86,C,False,44b55413-e35e-4988-b733-546644d5a68b
18.82,C,False,fb6c9ad7-7548-46f2-bf9b-4fd3fd9bd46e
18.8,C,False,c14382b7-5e01-476d-abf0-5a1b1ef80975
18.62,C,False,8651683e-864f-45b4-98ef-d59c8fa71560
18.59,C,False,1913e5e8-18d6-4fc9-88c1-fe99bd761613
18.43,C,False,735cbec3-ecad-4115-938e-34b8378f278b
18.41,C,False,76f3d196-e1ce-4476-b6c9-2e2cda1cc5aa
18.35,C,False,80eb0909-e6ae-4f14-b8b1-156859c839ab
18.3,C,False,9cb20656-8470-42a1-88e0-65cdd12fde8f
18.28,C,False,5c9604f4-5823-4d63-aeca-4b8b4b6c1db6
18.18,C,False,21b0f8c4-4628-4c76-ba34-cbc5874ac50c
18.0,C,False,cb42356d-2e3e-4d2c-80bc-0ede766583f6
17.98,C,False,5661c65f-4bdc-4a5b-b14c-acb568874589
17.939999999999998,C,False,1c0bf2ca-c879-4ee4-afee-29c89f7aff56
17.92,C,False,32b4576a-f988-4594-a91c-09548357d0c0
17.919999999999998,C,False,9941f66e-424e-47a6-ba73-61cd87f16f95
17.9,C,False,0fba5ea1-6241-49e5-869c-6ee65e5d005f
17.9,C,False,ee731e64-a748-4d19-9615-b00c50ecf78d
17.85,C,False,6b405b47-8755-46aa-ba5e-da560f71fa2e
17.8,C,False,9b4905e0-967a-42e2-9158-b5ec64ec6113
17.7,C,False,ba95963a-165e-480c-b244-bf680de7fc39
17.6,C,False,077b9db9-f555-4ea4-8d54-19e4328cc868
17.590000000000003,C,False,287d68d7-4a47-41b4-aab6-3e1aa44ef1c4
17.49,C,False,ec5ad419-57b8-420a-91c2-9b30a07f6df7
17.47,C,False,32775902-472f-4028-b3c4-19ebd26b9b5a
17.39,C,False,fe76925b-e29d-4497-983a-183691166ad8
17.37,C,False,c733d019-5997-450b-b859-b2045a667bea
17.32,C,False,2e5a3c62-3efe-4505-884d-e0350f0286d9
17.240000000000002,C,False,d10b22d0-e379-4183-bf58-3a2944ecfb0b
17.18,C,False,c8bbb0f8-b560-4eb6-b583-920f47b01094
17.17,C,False,2e1fa897-e041-4e64-8b4f-d894609117c7
17.11,C,False,1dd309df-5841-421b-acf2-fd780e8c9322
17.09,C,False,0cc4b05c-887e-4d12-afb6-9c0376a83133
17.08,C,False,c7b75b90-66ea-4c8c-8fb6-21a99bd8ab0d
17.07,C,False,98b8f8fe-54fa-4be6-bcf9-609bd3b27e85
16.92,C,False,1d356a78-d8d1-4bba-9469-e92f8710bf79
16.9,C,False,0a7cbd6e-3896-4e7e-b113-118972a2b9b4
16.88,C,False,3e5ccfa9-8c59-4ad3-b55d-24eed6bbf0bf
16.81,C,False,20e7f224-be87-4b43-bfa2-bff1a7f5282d
16.8,C,False,3028d0ed-9c4c-462c-b9e3-8804497f3e32
16.8,C,False,41c2c7ab-376e-4ccf-8bf8-59dcb1ed95e0
16.8,C,False,a32a7351-be99-4db2-a9aa-cb4bc1622e7a
16.740000000000002,C,False,e6a01306-61e0-4704-aa3a-728850b20863
16.72,C,False,22f82342-2457-4c46-abe0-4d47cc004f75
16.700000000000003,C,False,2a1a800d-8f0f-4f95-93d1-00472a9ba436
16.63,C,False,068379b5-5015-4781-982e-5143985deeff
16.62,C,False,4743c3f5-c0a6-4f76-b752-38fce8e863cc
16.6,C,False,ed5ae67f-a469-420b-9605-f798ea01132b
16.51,C,False,8d4f45d1-9e7d-4b09-8e9f-5cdb0afda5c7
16.51,C,False,60a8d375-b80e-4d63-a5cb-5f24307762bb
16.5,C,False,b3102773-8abe-474b-b075-a85ec9c85eb1
16.38,C,False,8b426f49-c081-4e73-b2b8-fe5e930a1ca1
16.2,C,False,a25edee9-1a10-431b-8716-fb4b7da85f69
16.18,C,False,1c062987-12d3-4202-a1ad-7fd829dfd8ee
16.14,C,False,177f64d5-d28b-418d-b48c-bde7d65f71ea
16.12,C,False,68c1c2c5-de1b-4282-be57-27095e32cf9b
16.1,C,False,3c3534ea-c2d4-4ae6-b23e-9cf56e8849f1
16.09,C,False,d1390458-7608-4136-ad8c-187ac37ccbfa
16.08,C,False,f953db39-1ad6-4741-8baa-be3b5328ba9d
16.0,C,False,e00243b1-8178-439b-9e70-bb16a8223dfa
16.0,C,False,91f161b4-58d3-4289-b276-6beec0217209
16.0,C,False,3a7f0e36-0666-4f3c-9240-7f13577db7d8
15.969999999999999,C,False,b4cb0270-783a-40b8-9a1f-07e6a7289eba
15.94,C,False,4a48c00a-9ee1-4ad6-b9cf-1b75f0bf6182
15.88,C,False,6e3ef6df-fd40-4ac8-a10f-daff6ac742f7
15.87,C,False,fe320bbc-b41a-40f2-8822-63e08e98e035
15.81,C,False,e250ee05-a08d-4f35-ab81-85a97dd59ade
15.81,C,False,668e0839-8682-4201-a6cf-023da46b5533
15.780000000000001,C,False,f63e359f-8b70-4247-8d0a-f6eaf76aa873
15.75,C,False,37c41b24-5ee2-4833-a87e-362f6c1c399e
15.68,C,False,af1fbe46-7f03-4874-af57-ccdce1b06b79
15.63,C,False,2175e9bb-ec89-4a8e-997f-f3b328262ac8
15.6,C,False,e3fa0b53-65b8-4432-949a-03887958a45a
15.52,C,False,9f6269b4-da5d-4881-95bc-419192750a92
15.5,C,False,fcb09c19-c28a-4f8a-a011-c74cea6db8c9
15.46,C,False,a0b5b687-37b5-4bf8-afa4-15369a75f240
15.450000000000001,C,False,00e0ac5e-76ee-48f1-8fe6-d992b79d778b
15.43,C,False,8b0bd598-01f6-4ab3-ad09-7d759eecb652
15.37,C,False,a5cb09b2-15fd-420e-b168-de1ac539c496
15.33,C,False,59304bb6-b372-4ccc-9b6a-36b56c5f7349
15.309999999999999,C,False,0c623cf7-6173-4c1e-a51d-2c2e50f3c71e
15.25,C,False,32a9c7ca-b7c6-4114-95d9-b9c66c387376
15.16,C,False,70896524-c0d7-4eb1-8dc0-fe85ee47a973
15.12,C,False,92da8a1c-3e23-4e33-ae58-6bb663824417
15.1,C,False,388843a3-e3a9-472f-bd05-1e487ea9560c
15.04,C,False,95bddfef-43db-4bb0-946a-94204221c775
15.0,C,False,27dbf1e2-8dff-4e0d-9918-1003a4da5aeb
14.97,C,False,eba5ae2d-f954-4a79-afb4-6e3683af135e
14.91,C,False,2a3d3c62-5a93-446b-8b2e-0f2413fa0d4c
14.91,C,False,6634e788-bd18-4fb9-b60e-2a34d63c9551
14.9,C,False,555bbf10-fd8a-4593-99dc-cb79bac4f839
14.879999999999999,C,False,53f18321-c8bc-4376-9602-dcce6d7ea547
14.87,C,False,5d4a5e42-e70f-445a-ab17-8ceeda70b582
14.66,C,False,b785d7ad-f0ec-4790-aa35-df18216835f0
14.65,C,False,b16da00c-d65f-4ef4-9813-766dd00d9544
14.6,C,False,d285d5bd-fbca-43a3-bf70-bf95dc1fbb9d
14.49,C,False,04dacac5-8ee0-4890-91c7-fdfcb295ef80
14.43,C,False,0c9e0bd9-1635-4cf5-9027-aa59655d7d71
14.42,C,False,f3aeca97-7897-4dec-af2b-0089c4c39e87
14.26,C,False,cdeb9cbb-0a56-4eea-89b2-1d5a95bd2fa0
14.229999999999999,C,False,31ed3649-99cc-4bd3-888c-bad4acc40ac3
14.04,C,False,52147f86-7bea-4834-b3df-bf77d90876e4
14.0,C,False,70ad74f7-4be5-47d8-9277-e77b347838ea
14.0,C,False,a391b863-496c-4532-9ebb-7e35e1fbd625
13.94,C,False,4d78bf77-dfa2-4bc4-a18e-6aadfc6587ad
13.75,C,False,09aaba28-e447-4de1-8280-0695a68077b1
13.71,C,False,19aa40a7-ea9b-4032-abf8-00b97acafcae
13.69,C,False,b3c84ff6-c8d8-4237-9d98-b1b83899ea8b
13.6,C,False,7d7fb8d5-482b-4771-9892-a8d9e29ae06f
13.58,C,False,832ea68a-c6e0-4208-a422-12b3a0620b84
13.57,C,False,062b1e77-5809-49b1-a9bb-6c1aca670c78
13.55,C,False,b90be549-01f7-4ac3-b82f-101ed1a29a47
13.5,C,False,187afaf4-17f0-4675-8470-f021525a8d64
13.5,C,False,d572e4de-6936-4b29-9571-9f25361992cf
13.45,C,False,772a4997-198a-40e0-8365-4adadfc0e83d
13.32,C,False,85d8d688-159f-4885-aa18-febfde4e8930
13.31,C,False,b20fde6b-d420-480b-838e-65474969fbd1
13.28,C,False,36d41459-cddd-4179-ba42-e4818060d470
13.21,C,False,b91087eb-7c32-464e-b890-b88e5ad4abae
13.18,C,False,81d8ddbb-feb4-49cf-8162-61f7f0c3e843
13.13,C,False,3711f810-5f1f-43db-aa25-6723c886ad77
13.12,C,False,0669f72c-9952-4bdd-98c1-124e588af260
13.05,C,False,f0d55bb2-0b91-4331-9986-ffec36acd2e0
13.0,C,False,a523f2d7-ad10-4af4-89f2-9fe2a964560a
12.9,C,False,bee65351-dc77-4150-91b1-a2b2886ebd0b
12.9,C,False,c9f2b403-ca74-46b0-baf2-ab22b3f1ef92
12.85,C,False,22df48b1-798d-467d-9304-91d1d3abebd5
12.8,C,False,91e9a166-54e8-4498-abb8-69e939f08c3b
12.620000000000001,C,False,4ba47453-6256-4191-a797-d33e5970cbe7
12.59,C,False,58944bcf-9e5a-4f03-a3b5-12d188037a6d
12.54,C,False,96228a47-ca46-4983-9017-4ad5d7c7c784
12.5,C,False,f730e581-9e0b-4e35-9d9b-4ac887049faf
12.48,C,False,5646a752-8d78-4785-84b3-65fb9263e0a2
12.39,C,False,a9a2da2c-ed6c-4b87-970a-9596071295f3
12.37,C,False,18c8c07a-cadb-4bf3-9cf0-de8d4e449873
12.309999999999999,C,False,a1e32b4c-e6ca-4893-861b-d7b99e4965a7
12.3,C,False,2b57a0b2-1c02-47b7-a33e-a90008cf9056
12.25,C,False,f2a04ea9-098b-4696-8c8b-5f75cb4e4ee6
12.05,C,False,8ba5fb2e-7a63-49d6-a5d1-33f32f4c10a9
12.040000000000001,C,False,67b5d4e8-c3ad-4e6a-8aeb-660966c1583b
12.04,C,False,1f32c1ec-9941-425f-9863-e2d5a80c65a9
12.04,C,False,28ab8589-8bea-45ee-8e38-f607e78ac4e6
12.04,C,False,c7b78653-9ad3-4faa-9831-2a405fc7e16a
12.03,C,False,914403b4-51b9-4127-a240-0b44f7aac376
12.02,C,False,10fb7fd8-f041-41e5-b16d-908b9a3689f9
12.0,C,False,f08de479-6f5c-409f-8093-77a3efdfe87b
12.0,C,False,77381e75-4c66-4378-8542-c66187c9779b
11.969999999999999,C,False,2ceda6e6-f3cc-4ddf-a0e1-eb9cc1da7bb0
11.9,C,False,8d039e00-91d9-46f9-89e9-40c917028ccd
11.68,C,False,c62d070b-4011-45ee-b8c0-6f98e435fdd5
11.68,C,False,1fc4bf58-f3d2-4bab-8632-65ab94494ba3
11.66,C,False,8cb5d126-c576-466f-b909-dad85867ebdb
11.55,C,False,cdb7399d-1a6d-421d-bbdd-9b58bcd8b64e
11.53,C,False,2e7c1fa5-e1f2-4703-9787-65e16d1534d2
11.49,C,False,7da15e6c-c3d9-4947-9372-835f3469fa63
11.47,C,False,6048cfd1-e978-4247-b60e-d147c0d3d48b
11.459999999999999,C,False,c3d79eed-a931-45b6-aea2-3f52ccb99d97
11.45,C,False,35f930d8-7532-4803-aff8-07dec1666283
11.44,C,False,1a92a485-2aeb-41f6-9d4d-da981983ba2e
11.43,C,False,63746fcb-97cb-4ae0-b7ed-9c986b49725f
11.26,C,False,8733546e-35ee-4c4e-8396-195ebcd4981d
11.219999999999999,C,False,1ad77fb1-e7b5-4a04-81e9-51d4e747a360
11.19,C,False,7d2fcc0d-5f16-4904-8232-8395570fec7c
11.18,C,False,976ed8bf-3ebf-4960-8ba9-f87357db2dae
11.16,C,False,20cd7837-4d55-4896-8ff4-f2652dc12d81
11.15,C,False,20df7b50-e4e5-4f14-b8c8-2aa09f27ddd8
11.129999999999999,C,False,3fce76d5-b8ed-4a00-a69a-d66442a1ec3a
11.07,C,False,fa1a30a8-32c0-4210-b5c4-9a814fb41125
11.01,C,False,410c21ca-ebb9-4dc1-9dc2-d6e6e3f095a9
10.93,C,False,f924a14a-fcd6-4219-af6a-3c45f83e4b92
10.92,C,False,77139f6b-0091-473b-9f4b-61c059d6df0b
10.92,C,False,6932812a-f66e-4c42-8e96-d29dce610d66
10.9,C,False,ab146815-62e8-4505-ad97-299ea9d4e236
10.9,C,False,6f45be46-346b-4435-916b-355ce8673b64
10.86,C,False,8989dc37-4d21-4190-8767-b12f14aa7e7e
10.84,C,False,f8c9636e-169c-4585-a257-b581fe918905
10.84,C,False,a94f35d4-02ab-418d-a666-34ecaaed9e65
10.8,C,False,0ba09b5b-0fec-479a-b8ae-5f5a1aff04d7
10.77,C,False,7b1def20-ed8a-4776-9300-adf2ca55fbee
10.74,C,False,5e7960ba-98ae-4973-9179-4502bd24df38
10.72,C,False,aa3c43ef-fd4b-4924-93d8-584b144d5bad
10.68,C,False,80d0f06f-6a72-449e-b27d-c4138f0df5f1
10.5,C,False,5e134d41-89ae-464d-b2ed-49ef729fe649
10.5,C,False,2ae3a6fa-f23c-4059-a2dd-e4e690490fd8
10.5,C,False,177e7328-8553-4886-a55f-ba4e4aa13302
10.5,C,False,2df50ded-102f-4b25-abb5-da2f1f058cef
10.49,C,False,5e1d9177-5f3a-4699-8406-8e0871ccb8ca
10.48,C,False,3bd47377-ab8b-49ec-bde4-206dce233181
10.48,C,False,890116cd-2b46-406a-a146-5304a12824a1
10.45,C,False,3f055259-48f3-4f69-a794-a3ff3979fa5b
10.43,C,False,78e9081c-cc3d-4b49-a298-f985ead461bb
10.41,C,False,e5b65d42-d82f-4941-a3d5-75b9430ff8c7
10.4,C,False,18452c9f-1b4e-4a16-82e2-ca899ce7dedd
10.190000000000001,C,False,bacb6ba4-5491-4fe0-8dbd-3cd5a4398b22
10.03,C,False,d2fa02e4-258a-46a0-8d07-f6b02594daea
10.0,C,False,c80f0293-07b7-45f9-adef-16cb61be9227
9.9,C,False,c3267045-66e6-4b9a-839d-ffb12c71d536
9.9,C,False,6a260e7c-eb12-478a-b931-ca5c2b421f02
9.9,C,False,540bfce6-299d-4f6b-9dbc-07e37aa76b79
9.9,C,False,264eef59-cbd7-4881-a496-d081d0747284
9.82,C,False,dbc70db3-76ab-468c-9699-235c42d54abf
9.75,C,False,dcc94313-b91b-4f3a-91ad-66f752712cb8
9.68,C,False,ca03d7e6-4b6a-4854-abaa-747570e3997b
9.65,C,False,e6d10db2-f93d-4882-83c0-af1e5dfb7bc5
9.64,C,False,d2040eef-bc96-44c7-a0d3-be59c66138dc
9.629999999999999,C,False,66d0dd40-ad09-49d1-915a-acf56a4b82cd
9.58,C,False,d30bac31-f102-4c29-a579-6d3065439972
9.55,C,False,0608341b-68b5-4a93-a646-57d2f8c659ed
9.54,C,False,7ab9c1de-0887-42fa-b128-50f78d06c94d
9.5,C,False,9fb89ed3-4c8f-4611-a476-f29c3af35c21
9.5,C,False,03f3620a-a16d-4186-804e-2d191d36e3ab
9.48,C,False,220ee74c-8b3e-47b1-94fd-7d769d1f5aea
9.46,C,False,54c7e7b1-a4a3-4558-8af5-dc12b2219469
9.41,C,False,a982038b-e503-4e3b-bd83-5786c7cd7897
9.41,C,False,2363d677-64e6-4d2d-bfa1-9672acf0aeb1
9.23,C,False,c8ecceb8-88e8-401b-9939-615893536520
9.21,C,False,d5fa18c7-b789-4eff-9824-81fcd232aff5
9.19,C,False,0efcd814-4abd-4316-ae30-de4aa71cf2ed
8.97,C,False,d21c72e1-938f-433a-84df-fe7d0a7bd591
8.94,C,False,a63b6f01-b32a-49fe-898f-f3b1c4a8e9a5
8.89,C,False,30d7f899-32b0-4834-b460-3305607ee1bc
8.879999999999999,C,False,54043db1-3cd6-4c26-a3b6-96ed2d15a55b
8.87,C,False,9e3563b6-6eb8-460b-952c-bca639474447
8.81,C,False,cea64cef-0eae-4338-bd79-2a304a7b9e8c
8.79,C,False,c7c7cc25-4ef5-4be1-ab43-9b31bebf5147
8.75,C,False,8888ef52-942d-4af1-b4df-cc452dcb28ce
8.629999999999999,C,False,5a6bb05a-3bbe-45c7-979b-454114004270
8.620000000000001,C,False,b3015ffa-c86b-4600-a447-76ed798fd1e1
8.58,C,False,c6fd4d31-4d07-4d62-815c-a7811f09165a
8.58,C,False,ced64494-a598-47b3-891a-9a88ba0f9e62
8.54,C,False,0eeb0058-1242-457f-ac26-2a5a739c9e98
8.5,C,False,c87d1618-5863-4bdb-86a6-56af000b9f7d
8.49,C,False,87730f3e-f077-45d1-bd45-180505182076
8.46,C,False,ecc64266-c084-481d-91fb-73f770f001f1
8.440000000000001,C,False,a9b85ae4-035b-43f4-abf5-b7dbb969efa4
8.35,C,False,d2ff71a6-bf5a-4449-971a-8964513ecf97
8.23,C,False,e745e608-417c-4b58-8342-229a094762a2
8.21,C,False,ba640a2d-b4ba-4e6e-a4af-1e41e93215f1
8.2,C,False,65cd86ab-a96c-45eb-85ee-f6de802b9ae5
8.16,C,False,5fec08e0-47b5-4d00-92ea-b8e0165567b5
8.100000000000001,C,False,406d9af6-340e-480c-8f5e-0fa3d7231e2c
8.1,C,False,d69f87bd-64f8-4835-abfd-9972bf44f67d
8.0,C,False,4e48a3f1-50aa-44cb-a143-00202129b26f
8.0,C,False,e9f382f1-6c04-429f-9ede-c84bfa442af3
7.99,C,False,dea10a32-2129-4135-b7d7-3c61ca1547ee
7.99,C,False,20e9df46-e9ff-49a6-a4f2-fe573f0cb58e
7.98,C,False,3e717ef2-9ec3-4d11-a3b6-4385ef9c676e
7.97,C,False,d023d06f-da30-4922-934b-774d67447e4a
7.96,C,False,b7a65fb7-f655-4ebc-9c53-1d1a7777e938
7.92,C,False,c3b14614-9651-474d-974c-4428e15ccb68
7.9,C,False,273d34d1-7d68-4f0e-87cc-f9b723ac4ff7
7.9,C,False,0ac35812-6a1b-4025-a339-3da89cab5b1a
7.86,C,False,8b76f39e-0216-46a9-8d83-0ac2cd81a213
7.78,C,False,5d7a3482-4fdb-4d9c-b5c0-2e0504913e8c
7.72,C,False,fa19e7a9-54a8-4e82-b433-9a04c1b4574f
7.72,C,False,420a7997-6880-44c4-aab8-d1467325c361
7.7,C,False,664015bb-7283-4a45-8dca-6190a6765a2e
7.6,C,False,ccde4fa4-7e0b-4526-ae5e-63c80c79b35c
7.6,C,False,40b89406-92e6-41ce-b2a1-eb81a064d47f
7.54,C,False,3614da6b-376d-4570-ab96-3641c1dadf81
7.5,C,False,5f78c14e-72b4-4786-a450-7cbb42524a6e
7.31,C,False,2497b8e1-adbc-4bc1-b06f-3934f783a9bd
7.21,C,False,363c18b9-98c6-4f3f-9c9a-d3f60dde866b
7.18,C,False,186dae13-f4f7-4bdd-aee0-12b73d88d5cd
7.16,C,False,cdab3a5a-4db7-4294-98c9-4ad8160bdc3e
7.08,C,False,7757764d-970a-4611-a052-c136cecc0a56
7.08,C,False,f679c241-b7af-46ac-8c53-8c10c3fde516
7.01,C,False,bf4dfa68-bdd3-4fdf-b052-8ddb79dcf501
7.0,C,False,149b3950-dc8a-4f88-83d5-b4809f9491a8
6.99,C,False,c7124260-10ad-43d6-a26d-677b39fc3689
6.99,C,False,3d089e9e-8e22-46c6-ab85-79974292f981
6.92,C,False,ae64fda4-3c39-4e4b-b00b-6fa36339a139
6.9,C,False,56a8277e-9817-4b3e-9652-b166ec43bc2e
6.9,C,False,d8c91e9d-22ec-4989-97a9-d5bda3d91336
6.9,C,False,9682b238-43ac-44b0-903b-b26ed8cbb8cd
6.9,C,False,0d016472-148a-4b83-b1b6-5f2c9d5e90e3
6.87,C,False,289ba546-27dd-4223-9973-b340c5ede66a
6.84,C,False,14e9b76e-0341-424a-87a7-a023dd1d3e3c
6.83,C,False,d14fea9e-891a-4c81-822b-c57b254729af
6.82,C,False,23afc8c6-880a-4b84-b861-d2267574c2db
6.8,C,False,5ac19219-6435-40a6-addd-67526e404736
6.65,C,False,5e4a3642-2f49-495c-a426-f9ea9858a892
6.63,C,False,788765af-fb87-4f54-b5fc-e156a58e3ea6
6.5600000000000005,C,False,b66a6b1b-d51a-4df1-832d-64b7a7181f7f
6.5,C,False,8a5dbc2f-b359-43f2-a08f-5e5f4ef9f64e
6.5,C,False,f45e2b84-2297-45d8-a869-0f2afe9117da
6.5,C,False,b0690747-4d72-4c43-b8f6-0e06338d2c24
6.5,C,False,a2930e69-1412-4014-92cb-d80acfbd909a
6.46,C,False,6e6fac76-74fd-4480-9e0e-0b6b5d9c04f8
6.43,C,False,f1d716ef-5b98-4f82-a30e-f6ebe3403cf5
6.38,C,False,c1b60d3f-a8b5-46d3-a3e9-3f0217ab7ac2
6.29,C,False,14eb1e08-3e3d-4f50-8386-b9e158e1166a
6.2,C,False,43659f93-ba2d-4d48-94da-6ac8863cf4dc
6.11,C,False,3ee79d7f-27e0-4164-be34-2710b49c215a
6.05,C,False,7672d18f-fb78-46ba-aba7-22c2703ad9ea
6.0,C,False,62731511-bef2-4760-b177-10f383367fe4
5.98,C,False,bb441406-b744-43f9-8261-08d516e78045
5.96,C,False,306af994-82a0-47bc-b676-2ac07260a820
5.91,C,False,79db8a05-01ec-44dc-9f3e-d03c4858dcb9
5.91,C,False,ec5ae9ac-156e-4786-ab1c-05501b7dfaef
5.9,C,False,6f7e210b-a6f3-496f-8a6e-085f952ee31a
5.88,C,False,cf4d9a3b-a3bd-4b85-951d-ab68abb1d2b2
5.77,C,False,64ccf41f-d765-48bd-8ec6-f687db3b691e
5.76,C,False,f972c6a1-8f23-40ce-b851-ed81533f4b5e
5.76,C,False,9c7bd82b-a532-4495-8655-0d2a4f552b0a
5.75,C,False,5be08a07-592b-449a-8c2b-af60d89c617e
5.7,C,False,0d3c0f9d-3540-4a8f-9c7f-0ba1034413ed
5.67,C,False,489100cf-f2cd-455a-b154-a12f60349628
5.64,C,False,ab8909a7-eb17-4482-be31-a5cce162a076
5.609999999999999,C,False,4be37376-0185-41cc-ae24-0a0097adfac7
5.6,C,False,9e2c18de-76f3-4269-a653-489b98c7d672
5.59,C,False,2315d148-05f9-4e5a-a46e-ad948ca2023a
5.58,C,False,2f82b249-b072-4c53-912b-183f953c9fa5
5.57,C,False,1beaf31a-ba35-4414-b0dd-a8fc949a954c
5.57,C,False,97f13b66-ef4f-4585-89e4-e178ee853a2b
5.53,C,False,4a1a1289-78c4-4433-8bb2-ab9280d1d6fb
5.47,C,False,faaa5e4c-276f-480f-aefd-5b624d9a9929
5.44,C,False,0bc1de77-74f1-4943-8b7e-b02c898d7258
5.4,C,False,24719212-6638-4fea-add0-523e8408ba98
5.39,C,False,67cd6f8d-de95-41f9-b0a9-1dd804128756
5.34,C,False,c7138fdc-8a7a-4465-a40c-b33747258522
5.32,C,False,b16dfc65-2d49-428f-ba0d-7fbb19405edd
5.15,C,False,5e061ba8-52dd-4483-b695-06ad56a2a416
5.12,C,False,bb4513ce-7322-48aa-8a52-17b81f0cec08
5.08,C,False,026da450-b153-413c-a1c3-c0da47f528e7
4.91,C,False,84ba92b6-cdb7-4a15-b794-7755af7eef82
4.91,C,False,b37b1e53-55dd-4beb-8033-2dd321acfdb9
4.9,C,False,6bc008e8-1148-49ef-865e-8e76583b0c99
4.9,C,False,db054709-db8c-46d6-943b-2e218859ba86
4.81,C,False,168a17da-6e27-425f-b7b4-2d619e34038c
4.72,C,False,b3d2f65d-33a0-4f17-b909-672a76824cc3
4.6899999999999995,C,False,5db29390-fff6-490c-b621-e08fd1777a5f
4.64,C,False,341136ba-b2ff-42e0-ade8-712e05ab4e62
4.6,C,False,d4a75e00-b5d2-42d3-a5d7-97ab55c4c839
4.53,C,False,18ad248a-46d0-4d2c-a093-50b62d50e2c9
4.49,C,False,3d622649-e1f1-4206-b3a8-b56a26fd4cea
4.45,C,False,f43e6677-962a-4cf5-9a39-9d4163901986
4.43,C,False,549cbbcd-e99c-419a-8980-225d7f7f1e20
4.41,C,False,f729651c-61dd-4e8b-a204-483ecbf149b0
4.4,C,False,e3665402-48da-4647-94c7-a570a9f0edc6
4.35,C,False,53ccfd9c-a5b7-4608-a9b8-e306fee9e866
4.35,C,False,573adb4e-15ef-47e1-a6ac-95385d28ebbc
4.32,C,False,6666e225-4330-4bac-94f0-0f61a143da71
4.31,C,False,3d670222-7cbb-4b9a-94c7-23fce07db5fa
4.3,C,False,52eb6821-aac5-4185-bba7-ad1910403e86
4.28,C,False,17b2687a-81e3-4068-9098-3b930a2d99c8
4.21,C,False,241103d6-0e34-40d5-adb8-25ce6cc413fe
4.2,C,False,4eb58b8e-2ae6-4234-9c6d-3ccae3c25360
4.17,C,False,1f1a1439-cdb5-4ef5-b9cc-ba88fb7caa67
4.14,C,False,c6f0a80f-cc49-48c4-8027-8feb42122611
4.0,C,False,030a1fbb-09b5-424f-a838-78deed1cea2d
3.98,C,False,44a4585f-6828-44f1-aa8b-dfd412e4090f
3.96,C,False,59300ae9-1ff4-4678-8a22-1767a6dca00a
3.94,C,False,60949730-01cf-4d2f-96fa-0f4ba2cc7b12
3.92,C,False,554c60dd-84ae-4d7d-845d-432577b77c6f
3.9,C,False,68ed47c6-ce72-4637-8c9b-173b7a7cc8bb
3.9,C,False,58e9684d-ca50-460e-9187-3f0a9dbf84da
3.78,C,False,6f45e19f-fe84-41be-81d2-87187e518fc6
3.77,C,False,f3b09c35-334f-4462-af0e-00ee41f14eed
3.76,C,False,490b04cf-502c-49f5-b877-da2bdd99bc64
3.74,C,False,29077960-96ae-4d42-8279-27b8228269d8
3.62,C,False,8d374ba8-f4ad-41f7-80c4-4da13213be20
3.54,C,False,4b2cd914-c153-4887-82da-8cc4dde274f7
3.52,C,False,c33a1c4e-6f0d-41dc-975d-adb0d991bd1c
3.51,C,False,bb21669f-a54d-4fcd-8f51-79ffb1674511
3.51,C,False,2c175c8b-31db-4a23-a58d-c792eedc6445
3.49,C,False,2b317e08-c93d-4357-b1ea-825fd635911c
3.45,C,False,dbcd34fc-2748-422f-9bc2-59d420871ece
3.41,C,False,2becd2f7-db2a-400c-87b0-328bf389cd40
3.36,C,False,22f5f192-99ef-4a68-8ef2-3107e08fc060
3.3,C,False,e07c3fb3-24d0-4cf2-8df9-581cccbbc260
3.25,C,False,8d6ae133-3c5d-4ed5-bd97-220531a779fe
3.24,C,False,ac9b016d-6b80-4a4c-bcf0-70201da822a2
3.24,C,False,94ebe2ac-e869-428b-bd65-14ba49ebefe8
3.18,C,False,393afbdd-06a0-45ce-befc-2bf4a794dc16
3.18,C,False,22abf5bd-f41f-44b6-9365-d65bc0ae3cd7
3.12,C,False,4d8473cc-4c21-4ecb-ae88-7f5dd947a229
3.05,C,False,2508a150-a2e2-4287-baf4-4cb0c555be9e
3.04,C,False,003d363e-5e74-4bd9-9b7f-77d1ddf0ad62
3.04,C,False,b06f9084-8d75-4455-ad3c-d8153965ad74
3.03,C,False,0d7ef8b5-bb5c-421e-b5c6-3cf2227ad0a7
2.99,C,False,ad3534f4-444f-46da-9bff-4cf5a2b34779
2.9699999999999998,C,False,88c3ad79-e392-4106-8666-1d42082f42f2
2.95,C,False,292303e9-c74f-4eb7-9fde-b0af790d2977
2.93,C,False,9c54a131-3029-45d5-8763-dfbe04405102
2.88,C,False,49b8c877-a652-4315-8a42-0b1a1f3d89c9
2.8,C,False,50f11cfd-2c48-4331-a177-a4a082c42b5c
2.74,C,False,2aae766a-a41b-40f1-a3ea-0ed22c661808
2.74,C,False,4555aa22-3e8e-486a-8ec9-90c177e11e49
2.45,C,False,0db575f0-1454-4a6d-b575-d88dd582ab85
2.33,C,False,09e840ab-f4f4-42f3-98ae-c0e55349ede5
2.29,C,False,d502919d-f052-4c35-9e17-f34eb74aa290
2.28,C,False,72931c50-34d3-4b5a-bf1e-5cd33813c67a
2.27,C,False,f2a2c1a8-b7fb-4db4-8abd-fac565d49667
2.2399999999999998,C,False,6b653327-f5db-468d-9d5d-bb6aae94936d
2.23,C,False,402a396e-bc07-4680-87b2-d9165af7edd2
2.22,C,False,86fafe94-adae-4b5b-8700-67da86150fe4
2.16,C,False,965bf5a2-4b04-44f7-abab-5e305bb3d6ca
2.0700000000000003,C,False,c0b5325b-561b-4c35-967c-cae7bbeb931b
2.07,C,False,9715a3a7-a585-4c3a-a7f2-ef4ba608eec4
2.0,C,False,12dda5f3-8283-45a5-a8e5-cbc9060f9e95
2.0,C,False,942af7fa-f5fa-4d6c-b8fb-26b40e948ea1
2.0,C,False,1cbbd1ea-dab1-48ce-b178-0bd333fd7256
1.96,C,False,408961de-6a71-40d0-8690-bed2cec688f2
1.95,C,False,9daa29cf-f4d3-491d-a91a-aeba6b608938
1.93,C,False,9cc55c5b-cc48-452c-8bbc-1b421653a429
1.93,C,False,5d226211-12ea-451c-94ee-9524b43a7929
1.93,C,False,1c57a1d9-9623-4ae2-8224-6c4891553d17
1.92,C,False,c27cdf0a-050f-4c48-b0d7-8d01cfb85463
1.79,C,False,d948b9b7-a10e-4e3c-b118-2c648611125a
1.73,C,False,7f1cf1fa-5bf1-4caa-883e-eee19826ca29
1.7000000000000002,C,False,d0652bfa-4d07-417c-8215-fb6911f6b4c2
1.6600000000000001,C,False,1b8df4dc-9c7e-4535-9c87-c05f3d2d7a36
1.65,C,False,d85971e6-ff49-43a5-aead-fe0e052aedf0
1.6,C,False,fb9178b3-52e7-4693-b04f-a68cd3d61e45
1.6,C,False,d44f802b-8a42-40bc-8568-7da8d9a6d2cd
1.58,C,False,13e71d3f-314f-4d3b-a58a-8eef25eac978
1.5,C,False,516fe2a5-1b1f-4581-8ed8-26f382683fe6
1.49,C,False,db539ad3-b529-48b2-85a7-05a0b2bf5ad0
1.48,C,False,feaebd27-919b-474f-82db-42d271835c70
1.43,C,False,6ce1bbbd-85ae-4a94-bd20-168ccb0511c9
1.39,C,False,fd1f938f-306d-4099-a5b1-9a3be6e8f08c
1.3,C,False,ad115fa5-69cc-4c12-b377-171a4bc333c9
1.29,C,False,dc7111b8-f7a1-40f8-93ef-f14ef6e659b0
1.26,C,False,165d5bb8-1bf0-49eb-a772-ae05c5d852f7
0.99,C,False,4dfbeb15-5834-4590-b16f-ee9c98150f81
0.86,C,False,6b1e59c1-0540-456e-8f07-a14d55a0d4b7
0.84,C,False,15a545f3-780b-4947-8b3e-fe03686e75b6
0.79,C,False,a8d848b4-f96b-48e5-b34b-075ff8384b95
0.74,C,False,cba4a178-af6d-4841-8ba0-c0c86e81c04a
0.6799999999999999,C,False,210dd987-26b7-49b9-8958-2f573500da28
0.36,C,False,c291d25b-fb67-4199-9f63-8ed3556e54ab
0.25,C,False,f83e7c5c-2496-40b8-b965-5fb56710a243
0.19,C,False,ee711d5f-6b23-4584-9ea6-b3ca591b0407
0.1,C,False,ba1dc007-a8b7-42ca-b118-cee00a0723e7
